index,ID,Title,Year,Age,IMDb,RottenTomatoes,Netflix,Hulu,PrimeVideo,DisneyPlus,Type,Directors,Genres,Country,Language,Runtime,Platforms
8565,8566,1313: Giant Killer Bees!,2011,16+,2,26,0,0,1,0,0,David DeCoteau,"Horror,Sci-Fi",United States,English,80,Prime Video
8561,8562,Mutant Species,1995,18+,3.4,27,0,0,1,0,0,David A. Prior,"Horror,Sci-Fi",United States,English,100,Prime Video
8559,8560,Feeders 2: Slay Bells,1998,18+,2.4,28,0,0,1,0,0,"John Polonia,Mark Polonia","Comedy,Horror,Sci-Fi",United States,English,72,Prime Video
8545,8546,Avalanche Sharks,2014,,2.3,30,0,0,1,0,0,Scott Wheeler,"Action,Adventure,Comedy,Fantasy,Horror,Sci-Fi,Thriller",Canada,English,82,Prime Video
8550,8551,Hollow Scream,2018,,3.4,30,0,0,1,0,0,Jose Barajas,"Horror,Sci-Fi",United States,English,72,Prime Video
8542,8543,Arrest Bulldog Drummond,1938,all,6.2,31,0,0,1,0,0,James P. Hogan,"Adventure,Sci-Fi",United States,English,57,Prime Video
8536,8537,Konga TNT,2020,,2.5,32,0,0,1,0,0,Brett Kelly,"Action,Comedy,Sci-Fi",Canada,English,72,Prime Video
3575,3576,The Island,2018,,5,34,1,0,0,0,0,Michael Bay,"Action,Sci-Fi,Thriller",United States,English,136,Netflix
8472,8473,Stinger,2005,18+,2,35,0,0,1,0,0,Martin Munthe,"Action,Adventure,Comedy,Horror,Sci-Fi,Thriller","Sweden,United States",English,97,Prime Video
3537,3538,Satria Heroes: Revenge of Darkness,2017,,4,35,1,0,0,0,0,"Kenzô Maihara,Amandha Wyanto","Action,Adventure,Drama,Fantasy,Sci-Fi",Indonesia,Indonesian,92,Netflix
8469,8470,Sky Racket,1937,,4.8,35,0,0,1,0,0,Sam Katzman,"Action,Drama,Romance,Sci-Fi",United States,English,63,Prime Video
3479,3480,Aerials,2016,,1.5,36,1,0,0,0,0,S.A. Zaidi,"Drama,Sci-Fi,Thriller",United Arab Emirates,"English,Arabic",90,Netflix
8430,8431,Immortal Combat the Code,2019,,2.4,36,0,0,1,0,0,Johnny K. Wu,"Action,Sci-Fi",United States,English,79,Prime Video
8368,8369,Assassin's Game,2015,18+,3.1,36,0,0,1,0,0,Keith Collins II,"Action,Sci-Fi,Thriller",United States,English,72,Prime Video
8388,8389,Lowriders vs Zombies from Space,2018,,4.4,36,0,0,1,0,0,David F. Mendez,"Comedy,Horror,Sci-Fi",United States,"English,Spanish",56,Prime Video
8416,8417,Rumors of Wars,2014,13+,4.5,36,0,0,1,0,0,Paul Tomborello,"Drama,Sci-Fi,Thriller",United States,English,89,Prime Video
8307,8308,Android Uprising,2020,,2.4,37,0,0,1,0,0,Andrew Bellware,Sci-Fi,United States,English,81,Prime Video
8302,8303,The Vanquisher,2009,18+,3,37,0,0,1,0,0,Dean Gold,"Action,Adventure,Sci-Fi,Thriller",United States,English,90,Prime Video
8326,8327,Timelock,1996,,3,37,0,0,1,0,0,Louis Morneau,"Action,Crime,Drama,Sci-Fi,Thriller",United States,English,91,Prime Video
8296,8297,Voyage of the Chimera,2021,,3.8,37,0,0,1,0,0,Michael Gates,Sci-Fi,United States,English,84,Prime Video
8282,8283,Musclecar,2017,,4.8,37,0,0,1,0,0,Dwayne Labbe,"Animation,Comedy,Horror,Sci-Fi,Thriller",Australia,English,77,Prime Video
8292,8293,From Other Worlds,2004,13+,4.9,37,0,0,1,0,0,Barry Strugatz,"Comedy,Sci-Fi",United States,English,88,Prime Video
8272,8273,Hold,2009,,5.8,37,0,0,1,0,0,Duncan Jones,"Drama,Mystery,Sci-Fi","United Kingdom,United States","English,Spanish",97,Prime Video
3409,3410,Soldier,1998,,6.2,37,1,0,0,0,0,Paul W.S. Anderson,"Action,Drama,Sci-Fi","United States,United Kingdom",English,99,Netflix
3352,3353,Cross: Rise of the Villains,2019,18+,2,38,1,0,0,0,0,"Patrick Durham,Paul G. Volk","Action,Sci-Fi",United States,English,100,Netflix
8175,8176,Somnus,2016,,2.8,38,0,0,1,0,0,Chris Reading,"Adventure,Sci-Fi,Thriller",United Kingdom,English,83,Prime Video
8162,8163,Galaxy Lords,2018,,3,38,0,0,1,0,0,Von Bilka,"Action,Adventure,Comedy,Fantasy,Sci-Fi",United States,English,96,Prime Video
8144,8145,Bugged,1997,13+,4,38,0,0,1,0,0,Ronald K. Armstrong,"Comedy,Horror,Sci-Fi",United States,English,82,Prime Video
8225,8226,Goobers!,2012,7+,4.2,38,0,0,1,0,0,Charles Band,"Family,Fantasy,Sci-Fi",United States,English,81,Prime Video
8209,8210,Vegas in Space,1991,18+,4.5,38,0,0,1,0,0,Phillip R. Ford,"Comedy,Sci-Fi",United States,English,85,Prime Video
8167,8168,Arc,2006,13+,5.9,38,0,0,1,0,0,Victor Salva,"Drama,Fantasy,Mystery,Sci-Fi,Thriller",United States,English,111,Prime Video
8154,8155,City of Shadows,1987,18+,6,38,0,0,1,0,0,David Mitchell,"Action,Sci-Fi,Thriller",Canada,English,92,Prime Video
8035,8036,Yonggary,1999,13+,2.7,39,0,0,1,0,0,Hyung-rae Shim,"Action,Fantasy,Sci-Fi",South Korea,"Korean,English",99,Prime Video
8117,8118,Mars Needs Women,1968,,3.2,39,0,0,1,0,0,Larry Buchanan,Sci-Fi,United States,English,83,Prime Video
8061,8062,Gangs of the Dead,2006,18+,3.4,39,0,0,1,0,0,Duane Stinnett,"Action,Horror,Sci-Fi",United States,English,90,Prime Video
4683,4684,Zoo-Head,2019,,3.6,39,0,1,0,0,0,Navin Dev,"Sci-Fi,Thriller",United Kingdom,English,80,Hulu
8027,8028,Space Girls in Beverly Hills,2009,,3.6,39,0,0,1,0,0,Tim Colceri,Sci-Fi,United States,English,94,Prime Video
8122,8123,Plato's Reality Machine,2013,,3.6,39,0,0,1,0,0,Myles Sorensen,"Comedy,Drama,Sci-Fi",United States,English,79,Prime Video
3251,3252,Garfield's Pet Force,2009,all,4.2,39,1,0,0,0,0,Mark A.Z. Dippé,"Animation,Action,Adventure,Comedy,Family,Fantasy,Sci-Fi","United States,South Korea",English,73,Netflix
3258,3259,Aliens Stole My Body,2020,7+,4.3,39,1,0,0,0,0,Sean McNamara,"Adventure,Comedy,Family,Fantasy,Sci-Fi",United States,English,88,Netflix
4679,4680,Robo-Dog,2015,,4.4,39,0,1,0,0,0,Jason Murphy,"Family,Sci-Fi",United States,English,87,Hulu
8000,8001,Velocity Trap,1999,18+,4.6,39,0,0,1,0,0,Phillip J. Roth,"Action,Sci-Fi",United States,English,86,Prime Video
7985,7986,Mandao of the Dead,2018,,4.7,39,0,0,1,0,0,Scott Dunn,"Comedy,Horror,Sci-Fi",United States,English,74,Prime Video
8101,8102,Lizard Man,2012,,4.8,39,0,0,1,0,0,Peter Dang,Sci-Fi,United States,English,81,Prime Video
3316,3317,The Worthy,2016,,5.1,39,1,0,0,0,0,Ali F. Mostafa,"Action,Adventure,Family,Fantasy,Sci-Fi,Thriller","United Arab Emirates,Romania","Arabic,English",99,Netflix
8012,8013,Demon with the Atomic Brain,2017,,5.4,39,0,0,1,0,0,Christopher R. Mihm,Sci-Fi,United States,English,75,Prime Video
8058,8059,Once in a New Moon,1935,,5.5,39,0,0,1,0,0,Anthony Kimmins,Sci-Fi,United Kingdom,English,63,Prime Video
7933,7934,6-Headed Shark Attack,2018,16+,2.8,40,0,0,1,0,0,Mark Atkins,"Action,Adventure,Comedy,Horror,Sci-Fi,Thriller",United States,English,86,Prime Video
7851,7852,In the Year 2889,1967,,2.9,40,0,0,1,0,0,Larry Buchanan,"Horror,Sci-Fi,Thriller",United States,English,80,Prime Video
4675,4676,I Am Alone,2015,,4.4,40,0,1,0,0,0,Robert A. Palmer,"Drama,Horror,Sci-Fi",United States,English,88,Hulu
7903,7904,Gila!,2012,18+,5,40,0,0,1,0,0,Jim Wynorski,Sci-Fi,"United States,United Kingdom",English,91,Prime Video
3208,3209,The Magic School Bus Rides Again: Kids in Space,2020,all,6,40,1,0,0,0,0,Richard Weston,"Animation,Adventure,Comedy,Family,Sci-Fi",United States,English,45,Netflix
7884,7885,The Unwonted Sasquatch,2016,,6.2,40,0,0,1,0,0,Darcy Weir,"Documentary,Mystery,Sci-Fi","Canada,United States",English,64,Prime Video
7868,7869,Gelo,2016,,7,40,0,0,1,0,0,,"Action,Sci-Fi,Thriller","United Kingdom,New Zealand",English,184,Prime Video
7830,7831,Mega Shark vs. Crocosaurus,2010,18+,2.4,41,0,0,1,0,0,Christopher Ray,"Action,Adventure,Comedy,Horror,Sci-Fi,Thriller",United States,"English,French,Spanish",88,Prime Video
3102,3103,The App,2019,,2.6,41,1,0,0,0,0,Elisa Fuksas,"Drama,Sci-Fi,Thriller",Italy,"Italian,English",78,Netflix
7702,7703,Voyage to the Planet of Prehistoric Women,1968,7+,2.9,41,0,0,1,0,0,Peter Bogdanovich,"Adventure,Sci-Fi",United States,English,78,Prime Video
7738,7739,The Astral Factor,1976,7+,3.6,41,0,0,1,0,0,"John Florea,Gene Fowler Jr.,Arthur C. Pierce","Horror,Sci-Fi,Thriller",United States,English,85,Prime Video
7826,7827,Dark Iris,2018,,3.9,41,0,0,1,0,0,Derek Talib,"Sci-Fi,Thriller",United States,English,105,Prime Video
4666,4667,The Man Who Used to Be Me,2000,,4.9,41,0,1,0,0,0,Jeff Woolnough,"Sci-Fi,Thriller","Canada,United States",English,88,Hulu
3145,3146,Limitless,2017,,6.7,41,1,0,0,0,0,Neil Burger,"Sci-Fi,Thriller","United States,Mexico","English,Russian,Italian,Mandarin,French",105,Netflix
9449,9450,LEGO Star Wars: The New Yoda Chronicles – Duel of the Skywalkers,2014,,7.3,41,0,0,0,1,0,Martin Skov,"Animation,Short,Action,Adventure,Sci-Fi",United States,English,1,Disney+
7619,7620,Meteor Moon,2020,7+,2.3,42,0,0,1,0,0,Brian Nowak,"Action,Sci-Fi",United States,English,88,Prime Video
7514,7515,Ice Spiders,2007,18+,3.1,42,0,0,1,0,0,Tibor Takács,"Action,Adventure,Comedy,Horror,Sci-Fi,Thriller","United States,Germany",English,90,Prime Video
7542,7543,Project Moon Base,1953,,3.2,42,0,0,1,0,0,Richard Talmadge,Sci-Fi,United States,English,63,Prime Video
7509,7510,Solar Impact: The Destruction of London,2019,,3.3,42,0,0,1,0,0,Craig Tudor,"Horror,Sci-Fi",,English,86,Prime Video
7579,7580,Terror Birds,2016,,3.5,42,0,0,1,0,0,Sean Cain,"Action,Adventure,Comedy,Horror,Sci-Fi,Thriller",United States,,87,Prime Video
7580,7581,Alien Intruder,1993,18+,3.5,42,0,0,1,0,0,Ricardo Jacques Gale,Sci-Fi,United States,English,120,Prime Video
7561,7562,Solar Attack,2006,7+,4,42,0,0,1,0,0,Paul Ziller,"Action,Sci-Fi,Thriller",Canada,English,91,Prime Video
7582,7583,Android Apocalypse,2006,13+,4,42,0,0,1,0,0,Paul Ziller,"Sci-Fi,Thriller","United States,Canada",English,95,Prime Video
9421,9422,The Poof Point,2001,7+,4.7,42,0,0,0,1,0,Neal Israel,"Comedy,Family,Sci-Fi",United States,English,90,Disney+
7545,7546,Tribulation,2000,13+,5.1,42,0,0,1,0,0,André van Heerden,"Drama,Sci-Fi,Thriller",Canada,English,95,Prime Video
7567,7568,Marina,2012,,5.5,42,0,0,1,0,0,,"Animation,Action,Adventure,Family,Sci-Fi",United Kingdom,English,30,Prime Video
7554,7555,The Chronology Protection Case,2013,,7.7,42,0,0,1,0,0,Jay Kensinger,"Short,Mystery,Sci-Fi",United States,English,40,Prime Video
2953,2954,Holiday on Mars,2020,,2.5,43,1,0,0,0,0,Neri Parenti,"Comedy,Sci-Fi",Italy,Italian,94,Netflix
2919,2920,Alien Warfare,2019,,2.6,43,1,0,0,0,0,Jeremiah Jones,"Action,Sci-Fi",United States,English,88,Netflix
7461,7462,Global Meltdown,2017,18+,3.2,43,0,0,1,0,0,Daniel Gilboy,"Action,Adventure,Drama,Sci-Fi,Thriller",Canada,English,90,Prime Video
7347,7348,Cold Zone,2017,13+,3.5,43,0,0,1,0,0,John MacCarthy,"Action,Sci-Fi",United States,English,85,Prime Video
7381,7382,Monster from Green Hell,1957,,3.6,43,0,0,1,0,0,Kenneth G. Crane,"Horror,Sci-Fi",United States,English,71,Prime Video
7363,7364,Gamera: Super Monster,1980,,3.8,43,0,0,1,0,0,"Noriaki Yuasa,Shigeo Tanaka","Action,Family,Sci-Fi",Japan,Japanese,92,Prime Video
7407,7408,Dragon Day,2013,7+,3.9,43,0,0,1,0,0,Jeffrey Travis,"Drama,Sci-Fi,Thriller",United States,English,95,Prime Video
7391,7392,Terrordactyl,2016,,4.2,43,0,0,1,0,0,"Don Bitters III,Geoff Reisner","Action,Adventure,Comedy,Horror,Sci-Fi,Thriller",United States,English,95,Prime Video
2935,2936,Monster Island,2017,7+,4.8,43,1,0,0,0,0,Mark Atkins,"Action,Adventure,Sci-Fi",United States,English,89,Netflix
7464,7465,The Bobot,2018,,4.9,43,0,0,1,0,0,Max Ksjonda,"Adventure,Family,Sci-Fi",Ukraine,"Ukrainian,English",100,Prime Video
7479,7480,Doctor Blood's Coffin,1961,,4.9,43,0,0,1,0,0,Sidney J. Furie,"Horror,Sci-Fi,Thriller",United Kingdom,English,92,Prime Video
2907,2908,Monster Run,2020,,5.2,43,1,0,0,0,0,Henri Wong,"Action,Drama,Fantasy,Sci-Fi,Thriller",China,"Chinese,Cantonese",104,Netflix
7444,7445,Inspector Gadget's Last Case,2002,7+,5.3,43,0,0,1,0,0,Michael Maliani,"Animation,Action,Adventure,Comedy,Crime,Family,Mystery,Sci-Fi","Canada,United States",English,73,Prime Video
4646,4647,The Landing,2017,,5.8,43,0,1,0,0,0,"David Dodson,Mark Dodson","Crime,Mystery,Sci-Fi",United States,English,83,Hulu
7306,7307,Dracula 3000,2004,18+,2.1,44,0,0,1,0,0,Darrell Roodt,"Horror,Sci-Fi","Germany,South Africa",English,86,Prime Video
7320,7321,Hirokin: The Last Samurai,2012,18+,3.3,44,0,0,1,0,0,Alejo Mo-Sun,"Action,Adventure,Drama,Fantasy,Sci-Fi",United States,English,105,Prime Video
7333,7334,Sabretooth,2002,18+,3.6,44,0,0,1,0,0,James D.R. Hickox,"Horror,Sci-Fi",United States,English,120,Prime Video
7175,7176,Kill Order,2017,,4.2,44,0,0,1,0,0,James Mark,"Action,Sci-Fi",Canada,English,77,Prime Video
2816,2817,Shanghai Fortress,2019,,4.3,44,1,0,0,0,0,Hua-Tao Teng,"Action,Sci-Fi",China,"Mandarin,English",107,Netflix
7183,7184,The Demolitionist,1995,18+,4.3,44,0,0,1,0,0,Robert Kurtzman,"Action,Horror,Sci-Fi,Thriller","United States,Canada",English,100,Prime Video
7323,7324,8 Days,2014,13+,4.8,44,0,0,1,0,0,,"Drama,Sci-Fi",Germany,German,43,Prime Video
9401,9402,Skyrunners,2009,all,5,44,0,0,0,1,0,Ralph Hemecker,"Family,Sci-Fi",United States,English,92,Disney+
2880,2881,Arctic Heart,2016,16+,5.2,44,1,0,0,0,0,Marie Madinier,"Comedy,Drama,Romance,Sci-Fi","France,Belgium",French,81,Netflix
7279,7280,Third Contact,2013,,5.9,44,0,0,1,0,0,Simon Horrocks,"Drama,Mystery,Sci-Fi,Thriller",United Kingdom,English,85,Prime Video
7227,7228,Voyage Into Space,1970,,6.4,44,0,0,1,0,0,Minoru Yamada,Sci-Fi,Japan,Japanese,98,Prime Video
7297,7298,Throwback Holiday,2018,,6.5,44,0,0,1,0,0,Trey Haley,"Comedy,Drama,Family,Sci-Fi",United States,English,88,Prime Video
2852,2853,Stretch Armstrong: The Breakout,2018,,6.8,44,1,0,0,0,0,"Victor Cook,Kevin Altieri,Alan Caldwell,Victor Cook,Frank Paur","Animation,Short,Action,Adventure,Comedy,Sci-Fi",,,,Netflix
2878,2879,Prince,1969,,7.1,44,1,0,0,0,0,Kookie Gulati,"Action,Sci-Fi,Thriller",India,Hindi,138,Netflix
7059,7060,U.F.O.,2012,18+,3.1,45,0,0,1,0,0,,"Action,Sci-Fi","United Kingdom,Ireland",English,45,Prime Video
7166,7167,Gamera vs. Zigra,1971,,3.6,45,0,0,1,0,0,Noriaki Yuasa,"Action,Adventure,Family,Sci-Fi",Japan,Japanese,87,Prime Video
2716,2717,MindGamers,2015,18+,3.7,45,1,0,0,0,0,Andrew Goth,"Action,Sci-Fi,Thriller",Austria,English,97,Netflix
4608,4609,2099: The Soldier Protocol,2019,,3.7,45,0,1,0,0,0,Dee McLachlan,"Action,Sci-Fi",Australia,English,85,Hulu
7079,7080,Debug,2014,13+,4.3,45,0,0,1,0,0,David Hewlett,"Horror,Sci-Fi",Canada,English,86,Prime Video
7033,7034,Night Skies,2007,18+,4.6,45,0,0,1,0,0,Steven Spielberg,"Family,Sci-Fi",United States,English,115,Prime Video
7035,7036,Warriors of the Year 2072,1984,,4.8,45,0,0,1,0,0,Lucio Fulci,"Action,Sci-Fi,Thriller",Italy,"Italian,English",89,Prime Video
7127,7128,Zombies Have Fallen,2017,,4.8,45,0,0,1,0,0,Sam Fountayne,"Action,Fantasy,Sci-Fi,Thriller",United Kingdom,English,75,Prime Video
7158,7159,The Speed of Thought,2011,,4.8,45,0,0,1,0,0,Evan Oppenheimer,"Sci-Fi,Thriller",United States,English,93,Prime Video
7077,7078,The Adventures of RoboRex,2014,7+,5.1,45,0,0,1,0,0,Stephen Shimek,"Family,Sci-Fi",United States,English,87,Prime Video
9370,9371,Unidentified Flying Oddball,1979,all,5.2,45,0,0,0,1,0,Russ Mayberry,"Adventure,Comedy,Family,Fantasy,Sci-Fi",United States,English,93,Disney+
9388,9389,Marvel Rising: Playing with Fire,2019,7+,5.2,45,0,0,0,1,0,"Sol Choi,Eric Radomski","Animation,Short,Action,Adventure,Family,Sci-Fi",United States,English,44,Disney+
2737,2738,A Mighty Team,2016,,5.5,45,1,0,0,0,0,R.L. Scott,"Action,Adventure,Drama,Sci-Fi",United States,English,120,Netflix
2723,2724,Time Out,2015,,6,45,1,0,0,0,0,Andrew Niccol,"Action,Sci-Fi,Thriller",United States,English,109,Netflix
2735,2736,Eggnoid,2019,,6.3,45,1,0,0,0,0,Naya Anindita,"Drama,Fantasy,Romance,Sci-Fi",Indonesia,Indonesian,102,Netflix
2757,2758,Whispers,1980,,8.1,45,1,0,0,0,0,,"Drama,Horror,Mystery,Sci-Fi,Thriller",United States,English,60,Netflix
7011,7012,Lazarus,2021,,3.1,46,0,0,1,0,0,David Gelb,"Horror,Mystery,Sci-Fi,Thriller",United States,English,83,Prime Video
6920,6921,Curse of the Mayans,2017,,3.3,46,0,0,1,0,0,Joaquin Rodriguez,"Action,Horror,Sci-Fi",Mexico,"English,Spanish",88,Prime Video
2679,2680,The Last Days of American Crime,2020,18+,3.7,46,1,0,0,0,0,Olivier Megaton,"Action,Crime,Drama,Sci-Fi,Thriller",United States,English,148,Netflix
6919,6920,Omega Doom,1996,13+,4.1,46,0,0,1,0,0,Albert Pyun,"Drama,Sci-Fi,Thriller",United States,English,84,Prime Video
7007,7008,Flight 666,2018,,4.3,46,0,0,1,0,0,Rob Pallatina,"Comedy,Family,Horror,Sci-Fi",United States,English,89,Prime Video
6929,6930,Expiry,2021,,4.4,46,0,0,1,0,0,Tom Gatley,Sci-Fi,United Kingdom,English,85,Prime Video
6997,6998,Gen-Y Cops,2000,18+,4.7,46,0,0,1,0,0,Benny Chan,"Action,Sci-Fi",Hong Kong SAR China,"Cantonese,English",120,Prime Video
9357,9358,Can of Worms,1999,7+,5,46,0,0,0,1,0,Paul Schneider,"Comedy,Family,Sci-Fi","United States,Canada",English,90,Disney+
6941,6942,The Manster,1959,,5.4,46,0,0,1,0,0,"George P. Breakston,Kenneth G. Crane","Horror,Sci-Fi","Japan,United States",English,73,Prime Video
2601,2602,Lifeline,1997,16+,6.7,46,1,0,0,0,0,,"Action,Sci-Fi,Thriller",United States,English,25,Netflix
6779,6780,Toxic Shark,2017,16+,3.3,47,0,0,1,0,0,Cole Sharpe,"Action,Adventure,Comedy,Drama,Horror,Sci-Fi,Thriller","United States,Puerto Rico","English,Spanish",87,Prime Video
9323,9324,Inspector Gadget 2,2003,all,3.5,47,0,0,0,1,0,Alex Zamm,"Action,Comedy,Crime,Family,Sci-Fi","United States,Australia",English,89,Disney+
4583,4584,The Complex: Lockdown,2020,,3.8,47,0,1,0,0,0,Paul Raschid,Sci-Fi,United Kingdom,English,78,Hulu
2502,2503,Action Replayy,2010,7+,4.2,47,1,0,0,0,0,Vipul Amrutlal Shah,"Comedy,Romance,Sci-Fi",India,Hindi,129,Netflix
6760,6761,Gamera vs. Guiron,1969,,4.2,47,0,0,1,0,0,Noriaki Yuasa,"Action,Adventure,Family,Sci-Fi",Japan,Japanese,82,Prime Video
9334,9335,Marvel Rising: Heart of Iron,2019,,4.4,47,0,0,0,1,0,"Sol Choi,Alfred Gimeno","Animation,Short,Action,Adventure,Sci-Fi",United States,English,44,Disney+
6832,6833,Konga,1961,,4.5,47,0,0,1,0,0,John Lemont,"Horror,Sci-Fi,Thriller",United Kingdom,English,90,Prime Video
6872,6873,Slipstream,2005,18+,4.5,47,0,0,1,0,0,Steven Lisberger,"Adventure,Sci-Fi",United Kingdom,English,102,Prime Video
6825,6826,Gamera vs. Viras,1968,,4.6,47,0,0,1,0,0,"Noriaki Yuasa,Shigeo Tanaka","Action,Adventure,Family,Sci-Fi",Japan,Japanese,75,Prime Video
2497,2498,Marvel Super Hero Adventures: Frost Fight!,2015,7+,5.2,47,1,0,0,0,0,"Eric Radomski,Mitch Schauer","Animation,Action,Adventure,Family,Fantasy,Sci-Fi",United States,English,73,Netflix
6875,6876,Home Invasion,2012,13+,5.2,47,0,0,1,0,0,,"Comedy,Sci-Fi",,,,Prime Video
4578,4579,Into the Dark: I'm Just F*cking With You,2019,,5.5,47,0,1,0,0,0,Adam Mason,"Drama,Fantasy,Horror,Mystery,Sci-Fi,Thriller",United States,English,81,Hulu
6870,6871,Gog,1954,,5.5,47,0,0,1,0,0,Herbert L. Strock,"Drama,Horror,Romance,Sci-Fi,Thriller",United States,English,83,Prime Video
2508,2509,Zip & Zap and the Captain's Island,2016,,5.7,47,1,0,0,0,0,Oskar Santos,"Adventure,Comedy,Family,Fantasy,Sci-Fi",Spain,Spanish,105,Netflix
9326,9327,Stepsister from Planet Weird,2000,all,5.9,47,0,0,0,1,0,Steve Boyum,"Comedy,Family,Sci-Fi",United States,English,85,Disney+
2529,2530,Lucid Dream,2017,,6.2,47,1,0,0,0,0,Joon-Sung Kim,"Sci-Fi,Thriller",South Korea,Korean,101,Netflix
2571,2572,LEGO Marvel Super Heroes: Maximum Overload,2013,7+,6.5,47,1,0,0,0,0,,"Animation,Short,Action,Adventure,Comedy,Family,Fantasy,Sci-Fi",United States,English,22,Netflix
6803,6804,"Spirits of the Air, Gremlins of the Clouds",1989,,6.5,47,0,0,1,0,0,Alex Proyas,"Adventure,Sci-Fi",Australia,English,96,Prime Video
6873,6874,Honeymoon,2013,,6.5,47,0,0,1,0,0,Leigh Janiak,"Drama,Fantasy,Horror,Mystery,Romance,Sci-Fi,Thriller",United States,English,87,Prime Video
4547,4548,Anacondas: Trail of Blood,2009,18+,3,48,0,1,0,0,0,Don E. FauntLeRoy,"Action,Adventure,Horror,Sci-Fi,Thriller","United States,Romania",English,89,Hulu
6724,6725,The Alpha Test,2021,,3.2,48,0,0,1,0,0,Aaron Mirtes,Sci-Fi,United States,English,87,Prime Video
6718,6719,Zoombies,2016,16+,3.3,48,0,0,1,0,0,Glenn Miller,"Action,Adventure,Comedy,Horror,Sci-Fi,Thriller",United States,English,87,Prime Video
6684,6685,Dinosaur Island,2014,7+,3.5,48,0,0,1,0,0,C. Thomas Howell,"Action,Adventure,Drama,Fantasy,Sci-Fi,Thriller",United States,"English,German",88,Prime Video
4549,4550,After Darkness,2019,18+,3.7,48,0,1,0,0,0,Batan Silva,"Drama,Sci-Fi,Thriller","Mexico,United States",English,98,Hulu
4553,4554,The Dustwalker,2020,,3.7,48,0,1,0,0,0,Sandra Sciberras,"Drama,Sci-Fi,Thriller","Australia,United Arab Emirates",English,95,Hulu
6692,6693,Dr. Goldfoot and the Girl Bombs,1966,18+,4.1,48,0,0,1,0,0,Mario Bava,"Adventure,Comedy,Sci-Fi","Italy,United States","Italian,English",82,Prime Video
4550,4551,Stairs,2020,,4.3,48,0,1,0,0,0,Tom Paton,"Action,Horror,Sci-Fi",United Kingdom,English,102,Hulu
4558,4559,Another Time,2018,18+,4.5,48,0,1,0,0,0,Thomas Hennessy,"Adventure,Comedy,Romance,Sci-Fi",United States,English,89,Hulu
6680,6681,Spark: A Space Tail,2016,7+,4.5,48,0,0,1,0,0,Aaron Woodley,"Animation,Action,Adventure,Comedy,Family,Fantasy,Sci-Fi","Canada,South Korea,United States,China",English,91,Prime Video
6698,6699,The Lift,2021,,4.7,48,0,0,1,0,0,Dick Maas,"Horror,Sci-Fi,Thriller",Netherlands,"English,Dutch",95,Prime Video
2452,2453,F.R.E.D.I.,2018,,5.1,48,1,0,0,0,0,Sean Olson,"Adventure,Family,Sci-Fi",United States,,89,Netflix
6693,6694,Xchange,2001,18+,5.6,48,0,0,1,0,0,Allan Moyle,"Sci-Fi,Thriller",Canada,English,110,Prime Video
2383,2384,LEGO Marvel Super Heroes: Black Panther - Trouble in Wakanda,2018,,5.7,48,1,0,0,0,0,Michael D. Black,"Animation,Short,Action,Adventure,Comedy,Fantasy,Sci-Fi",United States,English,22,Netflix
2480,2481,LEGO Marvel Super Heroes - Guardians of the Galaxy: The Thanos Threat,2017,,5.9,48,1,0,0,0,0,Michael D. Black,"Animation,Action,Adventure,Comedy,Fantasy,Sci-Fi",United States,English,22,Netflix
6611,6612,Psycho Bettys from Planet Pussycat,2011,,6.1,48,0,0,1,0,0,Aaron Hendren,"Comedy,Musical,Sci-Fi",United States,English,95,Prime Video
6664,6665,Threshold,1981,7+,6.1,48,0,0,1,0,0,,"Action,Drama,Sci-Fi,Thriller",United States,English,60,Prime Video
9294,9295,Captain Sparky vs. The Flying Saucers,2013,,6.2,48,0,0,0,1,0,Mark Waring,"Animation,Short,Adventure,Comedy,Family,Sci-Fi",United States,English,3,Disney+
6616,6617,The Mouse on the Moon,1963,,6.4,48,0,0,1,0,0,Richard Lester,"Comedy,Romance,Sci-Fi",United Kingdom,"English,Russian",82,Prime Video
9303,9304,Lego Star Wars: The Yoda Chronicles - Raid on Coruscant,2014,,7.2,48,0,0,0,1,0,Michael Hegner,"Animation,Family,Fantasy,Sci-Fi","Denmark,China",English,22,Disney+
4539,4540,Anaconda 3: Offspring,2008,18+,2.8,49,0,1,0,0,0,Don E. FauntLeRoy,"Action,Adventure,Horror,Sci-Fi,Thriller","United States,Romania",English,91,Hulu
6506,6507,Highlander: The Source,2007,18+,3.1,49,0,0,1,0,0,Brett Leonard,"Action,Adventure,Drama,Fantasy,Mystery,Sci-Fi","United Kingdom,Lithuania",English,86,Prime Video
4528,4529,10.0 Earthquake,2014,7+,3.4,49,0,1,1,0,0,David Gidali,"Action,Adventure,Drama,Sci-Fi,Thriller",United States,English,88,"Hulu, Prime Video"
6493,6494,Frankenstein,2004,18+,4.5,49,0,0,1,0,0,Stuart Beattie,"Action,Fantasy,Sci-Fi","United States,Australia",English,92,Prime Video
6569,6570,Last Woman on Earth,1960,,4.8,49,0,0,1,0,0,Roger Corman,"Drama,Horror,Mystery,Romance,Sci-Fi",United States,English,71,Prime Video
2269,2270,Solo,2018,,5,49,1,0,0,0,0,Ron Howard,"Action,Adventure,Sci-Fi",United States,English,135,Netflix
6502,6503,Embryo,1976,7+,5.1,49,0,0,1,0,0,Ralph Nelson,"Horror,Sci-Fi",United States,English,104,Prime Video
4535,4536,The Current Occupant,2020,,5.3,49,0,1,0,0,0,Julius Ramsay,"Drama,Fantasy,Horror,Mystery,Sci-Fi,Thriller",,,85,Hulu
2297,2298,Dead Kids,2019,18+,5.5,49,1,0,0,0,0,Michael Campus,"Sci-Fi,Thriller",United States,English,97,Netflix
6541,6542,Gamera vs. Jiger,1970,,5.5,49,0,0,1,0,0,"Noriaki Yuasa,Shigeo Tanaka","Action,Adventure,Family,Sci-Fi",Japan,Japanese,83,Prime Video
9270,9271,Zenon: Z3,2004,all,5.5,49,0,0,0,1,0,Steve Rash,"Adventure,Comedy,Family,Sci-Fi",United States,English,81,Disney+
6482,6483,The Magnetic Monster,1953,,5.8,49,0,0,1,0,0,"Curt Siodmak,Herbert L. Strock","Horror,Sci-Fi",United States,English,76,Prime Video
2362,2363,Invisible,2017,,6,49,1,0,0,0,0,Paul Verhoeven,"Action,Horror,Sci-Fi,Thriller","United States,Germany",English,112,Netflix
6533,6534,Born of Fire,1987,18+,6.1,49,0,0,1,0,0,Jamil Dehlavi,"Drama,Fantasy,Horror,Sci-Fi",United Kingdom,English,84,Prime Video
2349,2350,Alien Xmas,2020,,6.2,49,1,0,0,0,0,Stephen Chiodo,"Animation,Short,Adventure,Comedy,Family,Fantasy,Sci-Fi",United States,English,40,Netflix
6454,6455,Maximum Ride,2016,13+,3.6,50,0,0,1,0,0,Jay Martin,"Action,Adventure,Comedy,Fantasy,Sci-Fi,Thriller",United States,English,88,Prime Video
2191,2192,Kaal,2005,13+,4.6,50,1,0,0,0,0,Soham Shah,"Adventure,Horror,Mystery,Sci-Fi,Thriller",India,Hindi,126,Netflix
6439,6440,Attack of the Crab Monsters,1957,,4.9,50,0,0,1,0,0,Roger Corman,"Horror,Sci-Fi",United States,English,63,Prime Video
6443,6444,Max Reload and the Nether Blasters,2020,13+,4.9,50,0,0,1,0,0,"Scott Conditt,Jeremy Tremp","Adventure,Comedy,Sci-Fi",United States,English,100,Prime Video
6367,6368,Left Behind II: Tribulation Force,2002,13+,5,50,0,0,1,0,0,Bill Corcoran,"Action,Drama,Fantasy,Sci-Fi,Thriller","United States,Canada",English,94,Prime Video
6459,6460,Gamera vs. Barugon,1966,,5,50,0,0,1,0,0,"Shigeo Tanaka,Noriaki Yuasa","Action,Adventure,Fantasy,Horror,Sci-Fi,Thriller",Japan,Japanese,106,Prime Video
6465,6466,Gamera vs. Gyaos,1967,,5,50,0,0,1,0,0,"Noriaki Yuasa,Shigeo Tanaka","Action,Family,Fantasy,Sci-Fi",Japan,Japanese,86,Prime Video
6475,6476,Prisoner X,2016,,5.1,50,0,0,1,0,0,Gaurav Seth,"Sci-Fi,Thriller",Canada,English,88,Prime Video
2233,2234,The Beast,2020,,5.2,50,1,0,0,0,0,"Merian C. Cooper,Ernest B. Schoedsack","Adventure,Horror,Sci-Fi",United States,English,100,Netflix
9247,9248,The Ewok Adventure,1984,all,5.4,50,0,0,0,1,0,John Korty,"Adventure,Family,Fantasy,Sci-Fi",United States,English,96,Disney+
6364,6365,Out of Time,2019,,6,50,0,0,1,0,0,Matt Handy,"Action,Drama,Sci-Fi",United States,English,92,Prime Video
2076,2077,Battlefield Earth,2000,13+,2.5,51,1,0,0,0,0,Roger Christian,"Action,Adventure,Sci-Fi",United States,English,118,Netflix
6261,6262,Fortress 2,2000,18+,4.5,51,0,0,1,0,0,Geoff Murphy,"Action,Sci-Fi","Luxembourg,United States",English,92,Prime Video
6321,6322,Vendetta,2015,18+,4.7,51,0,0,1,0,0,James McTeigue,"Action,Drama,Sci-Fi,Thriller","United States,United Kingdom,Germany",English,132,Prime Video
9235,9236,Iron Man & Hulk: Heroes United,2013,7+,4.7,51,0,0,0,1,0,"Eric Radomski,Leo Riley","Animation,Action,Adventure,Family,Sci-Fi",United States,English,71,Disney+
9216,9217,Doug's 1st Movie,1999,all,5,51,0,0,0,1,0,Maurice Joyce,"Animation,Adventure,Comedy,Drama,Family,Fantasy,Sci-Fi",United States,English,77,Disney+
4496,4497,RoboGeisha,2009,18+,5.3,51,0,1,0,0,0,Noboru Iguchi,"Action,Comedy,Sci-Fi",Japan,Japanese,102,Hulu
6245,6246,The Angry Red Planet,1959,,5.3,51,0,0,1,0,0,Ib Melchior,"Adventure,Horror,Sci-Fi",United States,English,83,Prime Video
6284,6285,A Little Bit Zombie,2012,18+,5.3,51,0,0,1,0,0,Casey Walker,"Comedy,Horror,Sci-Fi",Canada,English,87,Prime Video
2091,2092,Hulk: Where Monsters Dwell,2016,7+,5.4,51,1,0,0,0,0,"Eric Radomski,Mitch Schauer","Animation,Action,Fantasy,Sci-Fi",United States,English,75,Netflix
2029,2030,Sky High,2020,,5.6,51,1,0,0,1,0,Mike Mitchell,"Adventure,Comedy,Family,Sci-Fi",United States,"English,Cantonese",100,"Netflix, Disney+"
2045,2046,Jungle Beat: The Movie,2020,all,5.6,51,1,0,0,0,0,Brent Dawes,"Animation,Adventure,Comedy,Family,Fantasy,Sci-Fi","Mauritius,South Africa,United Kingdom",English,88,Netflix
2048,2049,Duplicate,1998,7+,5.6,51,1,0,0,0,0,Bill Oliver,"Drama,Sci-Fi",United States,English,100,Netflix
4486,4487,Uncanny Annie,2019,,5.7,51,0,1,0,0,0,Paul Davis,"Drama,Fantasy,Horror,Mystery,Sci-Fi,Thriller",,,80,Hulu
4483,4484,Pooka Lives!,2020,18+,6,51,0,1,0,0,0,Alejandro Brugués,"Drama,Fantasy,Horror,Mystery,Sci-Fi,Thriller",,,80,Hulu
6344,6345,Twilight Zone: Rod Serling's Lost Classics,1994,,6.3,51,0,0,1,0,0,Robert Markowitz,"Drama,Fantasy,Horror,Mystery,Sci-Fi,Thriller",United States,English,89,Prime Video
6360,6361,Top of the Food Chain,1999,13+,6.3,51,0,0,1,0,0,John Paizs,"Comedy,Horror,Sci-Fi",Canada,English,99,Prime Video
6272,6273,The Visitors,1972,18+,6.4,51,0,0,1,0,0,Giulio Paradisi,"Horror,Sci-Fi",Italy,English,108,Prime Video
9239,9240,Mars and Beyond,1957,,8.3,51,0,0,0,1,0,Herbert Wright,"Short,Sci-Fi",United States,English,,Disney+
1969,1970,Day of the Dead: Bloodline,2017,18+,3.4,52,1,0,0,0,0,Hèctor Hernández Vicens,"Action,Drama,Horror,Sci-Fi,Thriller","Bulgaria,United States",English,90,Netflix
6152,6153,The Last Sharknado: It's About Time,2018,16+,3.5,52,0,0,1,0,0,Anthony C. Ferrante,"Action,Adventure,Comedy,Fantasy,Horror,Sci-Fi,Thriller",United States,English,86,Prime Video
6133,6134,Double Dragon,1994,13+,3.8,52,0,0,1,0,0,James Yukich,"Action,Adventure,Comedy,Fantasy,Sci-Fi","United States,France,Denmark",English,96,Prime Video
6237,6238,Atlas Shrugged: Part III,2014,13+,4.3,52,0,0,1,0,0,James Manera,"Drama,Mystery,Sci-Fi",United States,English,99,Prime Video
4462,4463,Beneath the Darkness,2012,18+,4.5,52,0,1,1,0,0,"Barbara Peeters,Jimmy T. Murakami","Horror,Sci-Fi",United States,English,80,"Hulu, Prime Video"
6149,6150,Branded,2012,18+,4.6,52,0,0,1,0,0,"Jamie Bradshaw,Aleksandr Dulerayn","Drama,Fantasy,Sci-Fi,Thriller","United States,Russia","English,Russian",112,Prime Video
6157,6158,Be Afraid,2017,16+,4.7,52,0,0,1,0,0,Drew Gabreski,"Horror,Sci-Fi,Thriller",United States,English,99,Prime Video
6186,6187,Max Cloud,2020,13+,4.8,52,0,0,1,0,0,Martin Owen,"Action,Comedy,Sci-Fi",United Kingdom,English,88,Prime Video
6227,6228,Virtual Revolution,2016,,5.1,52,0,0,1,0,0,Guy-Roger Duvert,"Action,Crime,Sci-Fi,Thriller","United States,Canada,France",English,92,Prime Video
6235,6236,Crossworlds,1996,13+,5.3,52,0,0,1,0,0,Krishna Rao,"Action,Sci-Fi,Comedy",United States,English,90,Prime Video
6222,6223,Andover,2018,16+,5.5,52,0,0,1,0,0,Scott Perlman,"Comedy,Drama,Romance,Sci-Fi",United States,English,91,Prime Video
9194,9195,The Brave Little Toaster Goes to Mars,1998,all,5.7,52,0,0,0,1,0,"Robert C. Ramirez,Patrick A. Ventura","Animation,Adventure,Family,Sci-Fi",United States,English,73,Disney+
1992,1993,Super Me,2021,,5.9,52,1,0,0,0,0,Zhang Chong,"Drama,Fantasy,Mystery,Sci-Fi",China,Chinese,102,Netflix
4449,4450,Mass Effect: Paragon Lost,2012,7+,5.9,52,0,1,0,0,0,Atsushi Takeuchi,"Animation,Action,Sci-Fi","United States,Japan,Canada,South Korea","Japanese,English",84,Hulu
4456,4457,James vs. His Future Self,2019,,5.9,52,0,1,0,0,0,Jeremy LaLonde,"Comedy,Drama,Sci-Fi",Canada,English,94,Hulu
1986,1987,Cities of Last Things,2018,18+,6.2,52,1,0,0,0,0,Wi Ding Ho,"Crime,Drama,Sci-Fi","Taiwan,China,France,United States","Mandarin,English,French",106,Netflix
4459,4460,The Hug,2018,13+,6.2,52,0,1,0,0,0,"Jack Bishop,Justin Nijm","Short,Horror,Sci-Fi",United States,English,5,Hulu
4454,4455,Good Boy,2020,,6.3,52,0,1,0,0,0,John Hoffman,"Comedy,Drama,Family,Fantasy,Sci-Fi",United States,English,88,Hulu
6213,6214,Motorama,1991,18+,6.3,52,0,0,1,0,0,Barry Shils,"Adventure,Comedy,Crime,Drama,Fantasy,Mystery,Sci-Fi,Thriller",United States,English,90,Prime Video
6151,6152,The Cheat,1915,,6.6,52,0,0,1,0,0,,"Action,Drama,Sci-Fi",Turkey,"Turkish,English,Spanish,German,French,Portuguese",20,Prime Video
4416,4417,Intersect,2020,18+,3.8,53,0,1,0,0,0,Gus Holwerda,"Horror,Sci-Fi,Thriller",United States,English,119,Hulu
6093,6094,Sharknado 5: Global Swarming,2017,16+,3.9,53,0,0,1,0,0,Anthony C. Ferrante,"Action,Adventure,Comedy,Fantasy,Horror,Sci-Fi,Thriller","United Kingdom,Italy,Germany,Finland,United States",English,93,Prime Video
6083,6084,The Gracefield Incident,2017,13+,4.2,53,0,0,1,0,0,Mathieu Ratthe,"Action,Horror,Mystery,Sci-Fi,Thriller","United States,Canada",English,89,Prime Video
1874,1875,Dark Light,2019,,4.3,53,1,0,0,0,0,Padraig Reynolds,"Action,Horror,Mystery,Sci-Fi,Thriller",United States,English,90,Netflix
6120,6121,Storage 24,2012,18+,4.5,53,0,0,1,0,0,Johannes Roberts,"Action,Horror,Mystery,Sci-Fi,Thriller",United Kingdom,English,87,Prime Video
4426,4427,Radioflash,2019,,4.8,53,0,1,0,0,0,Ben McPherson,"Drama,Romance,Sci-Fi,Thriller",United States,English,103,Hulu
1924,1925,Battle Drone,2018,13+,5.2,53,1,0,0,0,0,Mitch Gould,"Action,Sci-Fi",United States,English,93,Netflix
1911,1912,Seven in Heaven,2018,13+,5.3,53,1,0,0,0,0,Chris Eigeman,"Drama,Horror,Mystery,Sci-Fi",United States,English,94,Netflix
9164,9165,The Proud Family Movie,2005,all,5.5,53,0,0,0,1,0,Bruce W. Smith,"Animation,Adventure,Comedy,Family,Fantasy,Sci-Fi",United States,English,90,Disney+
9167,9168,Iron Man & Captain America: Heroes United,2014,7+,5.5,53,0,0,0,1,0,"Eric Radomski,Leo Riley","Animation,Action,Adventure,Family,Sci-Fi",United States,English,71,Disney+
6051,6052,Mulberry Street,2006,18+,5.6,53,0,0,1,0,0,Jim Mickle,"Horror,Sci-Fi,Thriller",United States,English,84,Prime Video
6076,6077,Domain,2017,,5.6,53,0,0,1,0,0,Nathaniel Atcheson,"Drama,Sci-Fi,Thriller",United States,English,97,Prime Video
1847,1848,LEGO Jurassic World: The Indominus Escape,2016,7+,5.7,53,1,0,0,0,0,,"Animation,Action,Adventure,Comedy,Family,Sci-Fi",United States,English,24,Netflix
9180,9181,The Million Dollar Duck,1971,all,5.8,53,0,0,0,1,0,Vincent McEveety,"Comedy,Family,Sci-Fi",United States,English,89,Disney+
6057,6058,Gintama,2017,13+,6.1,53,0,0,1,0,0,,"Animation,Action,Comedy,Sci-Fi",Japan,Japanese,,Prime Video
1846,1847,LEGO Marvel Super Heroes: Avengers Reassembled!,2015,7+,6.2,53,1,0,0,0,0,Rob Silvestri,"Animation,Action,Adventure,Comedy,Sci-Fi",United States,English,22,Netflix
6114,6115,Britannia Hospital,1982,18+,6.2,53,0,0,1,0,0,Lindsay Anderson,"Comedy,Sci-Fi",United Kingdom,English,116,Prime Video
1900,1901,John Was Trying to Contact Aliens,2020,,6.4,53,1,0,0,0,0,Matthew Killip,"Documentary,Short,Biography,Romance,Sci-Fi",United States,English,16,Netflix
1854,1855,Cosmos Laundromat,2015,,7.1,53,1,0,0,0,0,Mathieu Auvray,"Animation,Short,Fantasy,Sci-Fi",Netherlands,English,12,Netflix
1772,1773,Universal Soldier: The Return,1999,18+,4.2,54,1,0,0,0,0,Mic Rodgers,"Action,Sci-Fi",United States,English,83,Netflix
4391,4392,Let's Be Evil,2016,,4.2,54,0,1,0,0,0,Martin Owen,"Horror,Sci-Fi,Thriller",United Kingdom,English,82,Hulu
1761,1762,Monsters: Dark Continent,2014,18+,4.3,54,1,0,0,0,0,Tom Green,"Action,Drama,Horror,Sci-Fi,Thriller,War",United Kingdom,English,119,Netflix
4409,4410,Cabin Fever: Patient Zero,2014,,4.4,54,0,1,0,0,0,Kaare Andrews,"Horror,Sci-Fi",United States,English,91,Hulu
5946,5947,Left Behind,2000,13+,4.5,54,0,0,1,0,0,Vic Armstrong,"Action,Fantasy,Sci-Fi,Thriller","United States,Canada",English,110,Prime Video
4388,4389,Almost Human,2013,,4.7,54,0,1,0,0,0,,"Action,Crime,Drama,Sci-Fi",United States,English,60,Hulu
6013,6014,Animal,2014,,4.7,54,0,0,1,0,0,Luke Greenfield,"Comedy,Sci-Fi",United States,English,84,Prime Video
1820,1821,Only,2020,all,5.1,54,1,0,0,0,0,Takashi Doscher,"Drama,Romance,Sci-Fi",United States,English,98,Netflix
1794,1795,The Block Island Sound,2020,,5.3,54,1,0,0,0,0,"Kevin McManus,Matthew McManus","Horror,Mystery,Sci-Fi,Thriller",United States,English,99,Netflix
5973,5974,Beneath,2007,18+,5.3,54,0,0,1,0,0,Larry Fessenden,"Horror,Sci-Fi,Thriller",United States,English,90,Prime Video
9135,9136,The Suite Life Movie,2011,all,5.3,54,0,0,0,1,0,Sean McNamara,"Adventure,Comedy,Crime,Drama,Family,Sci-Fi",United States,English,79,Disney+
1807,1808,Freaks – You're One of Us,2020,18+,5.4,54,1,0,0,0,0,Felix Binder,"Action,Drama,Fantasy,Sci-Fi",Germany,German,92,Netflix
9137,9138,How to Build a Better Boy,2014,all,5.5,54,0,0,0,1,0,Paul Hoen,"Comedy,Family,Sci-Fi",United States,"English,French",90,Disney+
9146,9147,Pixel Perfect,2004,all,5.7,54,0,0,0,1,0,Mark A.Z. Dippé,"Family,Sci-Fi,Comedy,Fantasy,Music",United States,"English,German",85,Disney+
1803,1804,Phantom,2015,,5.9,54,1,0,0,0,0,Mike Marvin,"Action,Horror,Romance,Sci-Fi,Thriller","United States,Canada",English,93,Netflix
9140,9141,Zenon: The Zequel,2001,all,5.9,54,0,0,0,1,0,Manny Coto,"Comedy,Family,Adventure,Sci-Fi","United States,New Zealand",English,100,Disney+
9154,9155,The Computer Wore Tennis Shoes,1969,all,6,54,0,0,0,1,0,Robert Butler,"Comedy,Family,Sci-Fi",United States,English,91,Disney+
9155,9156,The Strongest Man in the World,1975,all,6,54,0,0,0,1,0,Vincent McEveety,"Comedy,Family,Sci-Fi",United States,English,92,Disney+
4398,4399,Before We Vanish,2017,18+,6.2,54,0,1,0,0,0,Kiyoshi Kurosawa,"Drama,Sci-Fi",Japan,Japanese,129,Hulu
1833,1834,The Yin-Yang Master: Dream of Eternity,2020,,6.5,54,1,0,0,0,0,Jingming Guo,"Action,Drama,Fantasy,Mystery,Sci-Fi",China,Chinese,132,Netflix
6022,6023,Gamera the Brave,2006,7+,6.7,54,0,0,1,0,0,Ryuta Tasaki,"Action,Adventure,Family,Fantasy,Sci-Fi",Japan,Japanese,96,Prime Video
9143,9144,Star Wars Biomes,2021,,6.7,54,0,0,0,1,0,,"Short,Sci-Fi",United States,English,18,Disney+
5951,5952,The History of Time Travel,2014,,6.8,54,0,0,1,0,0,Ricky Kennedy,"Drama,Sci-Fi",United States,English,72,Prime Video
1762,1763,Mad World,2016,,7.2,54,1,0,0,0,0,Paul Tanter,Sci-Fi,United Kingdom,English,97,Netflix
1655,1656,Doom: Annihilation,2019,18+,3.7,55,1,0,0,0,0,Tony Giglio,"Action,Adventure,Horror,Sci-Fi,Thriller",United States,"English,French",96,Netflix
5935,5936,Sharknado 2: The Second One,2014,16+,4,55,0,0,1,0,0,Anthony C. Ferrante,"Action,Adventure,Comedy,Horror,Sci-Fi,Thriller",United States,English,95,Prime Video
5898,5899,Sharknado 3: Oh Hell No!,2015,16+,4.1,55,0,0,1,0,0,Anthony C. Ferrante,"Action,Adventure,Comedy,Horror,Sci-Fi,Thriller",United States,English,93,Prime Video
1680,1681,Jem and the Holograms,2015,7+,4.2,55,1,0,0,0,0,Jon M. Chu,"Adventure,Drama,Family,Fantasy,Music,Romance,Sci-Fi",United States,English,118,Netflix
5867,5868,Think Like a Dog,2020,7+,5.2,55,0,0,1,0,0,Gil Junger,"Comedy,Drama,Family,Sci-Fi","China,United States,United Kingdom",English,91,Prime Video
4384,4385,Star Kid,1997,7+,5.3,55,0,1,1,0,0,Manny Coto,"Adventure,Family,Sci-Fi",United States,English,101,"Hulu, Prime Video"
4352,4353,Gemini,2017,18+,5.4,55,0,1,0,0,0,Ang Lee,"Action,Drama,Sci-Fi,Thriller","China,United States","English,French",117,Hulu
5940,5941,Man Vs.,2015,,5.6,55,0,0,1,0,0,Adam Massey,"Horror,Sci-Fi,Thriller",Canada,English,84,Prime Video
9127,9128,Girl vs. Monster,2012,7+,5.6,55,0,0,0,1,0,Stuart Gillard,"Action,Adventure,Comedy,Family,Fantasy,Sci-Fi","United States,Canada",English,89,Disney+
9122,9123,The Island at the Top of the World,1974,all,6.3,55,0,0,0,1,0,Robert Stevenson,"Adventure,Family,Fantasy,Sci-Fi",United States,"English,Swedish,Norwegian,Danish,Icelandic,French",93,Disney+
1644,1645,MFKZ,2018,18+,6.7,55,1,0,0,0,0,"Shôjirô Nishimi,Guillaume Renard","Animation,Action,Comedy,Sci-Fi,Thriller","France,Japan,United States","French,Spanish,English",94,Netflix
4375,4376,A Nasty Piece of Work,2019,,6.7,55,0,1,0,0,0,Charles Hood,"Drama,Fantasy,Horror,Mystery,Sci-Fi,Thriller",United States,English,77,Hulu
5932,5933,Svengali,1931,,6.8,55,0,0,1,0,0,Archie Mayo,"Drama,Horror,Romance,Sci-Fi",United States,"English,French,Italian,German",81,Prime Video
1714,1715,Mobile Suit Gundam II: Soldiers of Sorrow,1981,,7.3,55,1,0,0,0,0,"Yoshikazu Yasuhiko,Yoshiyuki Tomino","Animation,Action,Drama,Sci-Fi,War",Japan,Japanese,139,Netflix
1716,1717,Transformer,2018,,7.3,55,1,0,0,0,0,Glen Coburn,"Comedy,Horror,Sci-Fi",United States,English,79,Netflix
5854,5855,Gamera 3: Revenge of Iris,1999,7+,7.3,55,0,0,1,0,0,Shûsuke Kaneko,"Action,Fantasy,Horror,Sci-Fi",Japan,Japanese,108,Prime Video
5926,5927,Maayavan,2017,,7.3,55,0,0,1,0,0,C.V. Kumar,"Action,Crime,Mystery,Sci-Fi,Thriller",India,Tamil,129,Prime Video
1566,1567,Cosmic Sin,2021,18+,2.5,56,1,0,0,0,0,Edward Drake,"Action,Adventure,Sci-Fi",United States,English,88,Netflix
1632,1633,Jiu Jitsu,2020,18+,2.9,56,1,0,0,0,0,Dimitri Logothetis,"Action,Sci-Fi,Thriller",United States,English,102,Netflix
5801,5802,Sharknado,2013,16+,3.3,56,0,0,1,0,0,Anthony C. Ferrante,"Action,Adventure,Comedy,Horror,Sci-Fi,Thriller",United States,English,86,Prime Video
1537,1538,Spy Kids: All the Time in the World,2011,7+,3.5,56,1,0,0,0,0,Robert Rodriguez,"Animation,Action,Adventure,Comedy,Crime,Family,Romance,Sci-Fi,Thriller",United States,English,89,Netflix
1534,1535,What Lies Below,2020,18+,4.3,56,1,0,0,0,0,Braden R. Duemmler,"Horror,Mystery,Sci-Fi,Thriller",United States,English,87,Netflix
1598,1599,Await Further Instructions,2018,18+,4.8,56,1,0,0,0,0,Johnny Kevorkian,"Horror,Mystery,Sci-Fi",United Kingdom,English,91,Netflix
1623,1624,Deep,2021,18+,4.9,56,1,0,0,0,0,"Sita Likitvanichkul,Jetarin Ratanaserikiat,Apirak Samudkidpisan,Thanabodee Uawithya,Adirek Wattaleela","Drama,Mystery,Sci-Fi,Thriller",Thailand,Thai,101,Netflix
1584,1585,Godzilla: The Planet Eater,2018,7+,5.1,56,1,0,0,0,0,"Hiroyuki Seshita,Kôbun Shizuno","Animation,Action,Adventure,Sci-Fi",Japan,Japanese,91,Netflix
5833,5834,The VelociPastor,2018,,5.1,56,0,0,1,0,0,Brendan Steere,"Action,Adventure,Comedy,Fantasy,Horror,Sci-Fi,Thriller","United States,China","English,Cantonese,Mandarin,Korean",75,Prime Video
5800,5801,Beyond The Sky,2018,,5.2,56,0,0,1,0,0,Fulvio Sestito,"Mystery,Sci-Fi,Thriller",United States,English,82,Prime Video
9102,9103,Wendy Wu: Homecoming Warrior,2006,all,5.4,56,0,0,0,1,0,John Laing,"Action,Adventure,Family,Fantasy,Romance,Sci-Fi",United States,"English,Mandarin,Cantonese",91,Disney+
5818,5819,Death Machine,1994,18+,5.7,56,0,0,1,0,0,Stephen Norrington,"Action,Horror,Sci-Fi,Thriller","United Kingdom,Japan",English,99,Prime Video
5820,5821,Alien Code,2017,7+,5.7,56,0,0,1,0,0,Michael G. Cooney,"Mystery,Sci-Fi,Thriller",United States,English,97,Prime Video
4330,4331,Digging Up the Marrow,2015,,5.8,56,0,1,0,0,0,Adam Green,"Biography,Comedy,Drama,Fantasy,Horror,Mystery,Sci-Fi,Thriller",United States,English,89,Hulu
9105,9106,Return from Witch Mountain,1978,all,5.8,56,0,0,0,1,0,John Hough,"Adventure,Family,Fantasy,Sci-Fi",United States,English,95,Disney+
9095,9096,Minutemen,2008,all,5.9,56,0,0,0,1,0,Lev L. Spiro,"Adventure,Comedy,Family,Romance,Sci-Fi,Thriller",United States,English,98,Disney+
5807,5808,Griff the Invisible,2011,13+,6.1,56,0,0,1,0,0,Leon Ford,"Comedy,Drama,Romance,Sci-Fi",Australia,English,90,Prime Video
5814,5815,The Wild Blue Yonder,2005,18+,6.2,56,0,0,1,0,0,Werner Herzog,Sci-Fi,"Germany,France,Austria,United Kingdom",English,80,Prime Video
4328,4329,Frankenstein and the Monster from Hell,1974,18+,6.3,56,0,1,0,0,0,Terence Fisher,"Horror,Sci-Fi",United Kingdom,English,95,Hulu
4319,4320,Astro Kid,2019,7+,6.6,56,0,1,0,0,0,Eric Tosti,"Animation,Adventure,Comedy,Sci-Fi",France,French,89,Hulu
4326,4327,Ben 10: Secret of the Omnitrix,2007,7+,7.2,56,0,1,0,0,0,"Sebastian Montes,Scooter Tidwell","Animation,Action,Adventure,Sci-Fi",United States,English,71,Hulu
1602,1603,Mobile Suit Gundam I,1981,,7.3,56,1,0,0,0,0,"Ryôji Fujiwara,Yoshiyuki Tomino,Eikichi Kojika,Shin'ya Sadamitsu","Animation,Action,Drama,Sci-Fi,War",Japan,Japanese,137,Netflix
1562,1563,Mobile Suit Gundam III: Encounters in Space,1982,,7.7,56,1,0,0,0,0,"Yoshiyuki Tomino,Yoshikazu Yasuhiko,Ryôji Fujiwara,Hiromichi Matano,Shin'ya Sadamitsu","Animation,Action,Drama,Sci-Fi,War",Japan,Japanese,144,Netflix
4294,4295,Zoom,2006,7+,4.4,57,0,1,0,0,0,Peter Hewitt,"Action,Adventure,Comedy,Family,Fantasy,Sci-Fi",United States,English,93,Hulu
1500,1501,3022,2019,18+,4.5,57,1,0,0,0,0,John Suits,Sci-Fi,United States,"English,French",91,Netflix
5746,5747,Space Truckers,1996,13+,5.3,57,0,0,1,0,0,Stuart Gordon,"Adventure,Comedy,Sci-Fi,Thriller","United Kingdom,United States,Ireland",English,95,Prime Video
1460,1461,Superlópez,2018,,5.4,57,1,0,0,0,0,Javier Ruiz Caldera,"Action,Comedy,Sci-Fi",Spain,Spanish,108,Netflix
1501,1502,Tremors: Shrieker Island,2020,13+,5.5,57,1,0,0,0,0,Don Michael Paul,"Action,Adventure,Comedy,Horror,Sci-Fi,Thriller",United States,English,103,Netflix
5747,5748,Dead Space: Aftermath,2010,,5.5,57,0,0,1,0,0,Mike Disa,"Animation,Horror,Sci-Fi",United States,English,85,Prime Video
9078,9079,Ewoks: The Battle for Endor,1985,all,5.5,57,0,0,0,1,0,"Jim Wheat,Ken Wheat","Adventure,Family,Fantasy,Sci-Fi",United States,English,94,Disney+
5708,5709,Beta Test,2016,,5.6,57,0,0,1,0,0,Nicholas Gyeney,"Action,Sci-Fi,Thriller",United States,English,88,Prime Video
5743,5744,Repeaters,2010,,5.8,57,0,0,1,0,0,Carl Bessai,"Action,Crime,Drama,Mystery,Sci-Fi,Thriller",Canada,English,89,Prime Video
1481,1482,Bliss,1997,18+,6,57,1,0,1,0,0,Mike Cahill,"Drama,Romance,Sci-Fi",United States,English,103,"Netflix, Prime Video"
4300,4301,Gundala,2019,16+,6.2,57,0,1,0,0,0,Joko Anwar,"Action,Adventure,Drama,Sci-Fi",Indonesia,Indonesian,123,Hulu
5718,5719,The Creeping Flesh,1973,7+,6.2,57,0,0,1,0,0,Freddie Francis,"Horror,Sci-Fi",United Kingdom,English,92,Prime Video
1427,1428,Mobile Suit Gundam: Hathaway,2021,,6.8,57,1,0,0,0,0,Shûkô Murase,"Animation,Action,Drama,Romance,Sci-Fi",Japan,Japanese,95,Netflix
5685,5686,Gamera 2: Attack of the Legion,1996,,7.2,57,0,0,1,0,0,Shûsuke Kaneko,"Action,Fantasy,Sci-Fi",Japan,Japanese,99,Prime Video
1462,1463,Mobile Suit Gundam: Char's Counterattack,1988,,7.4,57,1,0,0,0,0,Yoshiyuki Tomino,"Animation,Action,Drama,Sci-Fi,War",Japan,Japanese,124,Netflix
9066,9067,Deep Blue,2003,all,7.4,57,0,0,0,1,0,Renny Harlin,"Action,Adventure,Sci-Fi,Thriller","United States,Mexico","English,Spanish",105,Disney+
4304,4305,Above and Beyond,2015,,7.7,57,0,1,1,0,0,,"Action,Adventure,Drama,Mystery,Sci-Fi,Thriller","United States,Australia",English,60,"Hulu, Prime Video"
9068,9069,Phineas and Ferb: Mission Marvel,2013,all,8.3,57,0,0,0,1,0,Lewis Lovhaug,"Comedy,Sci-Fi",,,21,Disney+
5563,5564,Rupture,2016,18+,4.8,58,0,0,1,0,0,Steven Shainberg,"Horror,Sci-Fi,Thriller","Canada,United States",English,102,Prime Video
1379,1380,The Saint,2017,13+,4.9,58,1,0,1,0,0,Phillip Noyce,"Action,Adventure,Romance,Sci-Fi,Thriller",United States,"English,Russian",116,"Netflix, Prime Video"
1336,1337,Iron Sky: The Coming Race,2019,18+,5,58,1,0,0,0,0,Timo Vuorensola,"Action,Adventure,Comedy,Sci-Fi","Finland,Germany,Belgium","English,German",93,Netflix
9044,9045,"Honey, We Shrunk Ourselves",1997,7+,5,58,0,0,0,1,0,Dean Cundey,"Action,Adventure,Comedy,Family,Sci-Fi",United States,English,74,Disney+
5566,5567,Baar Baar Dekho,2016,7+,5.3,58,0,0,1,0,0,Nitya Mehra,"Action,Comedy,Drama,Romance,Sci-Fi",India,"Hindi,English",141,Prime Video
1380,1381,Atlas Shrugged: Part II,2012,13+,5.4,58,1,0,1,0,0,John Putch,"Drama,Mystery,Sci-Fi",United States,English,111,"Netflix, Prime Video"
5577,5578,Creative Control,2016,18+,5.4,58,0,0,1,0,0,Benjamin Dickinson,"Drama,Sci-Fi",United States,English,97,Prime Video
5602,5603,Replicant,2001,18+,5.4,58,0,0,1,0,0,Ringo Lam,"Action,Sci-Fi,Thriller",United States,English,100,Prime Video
5628,5629,Hostile,2018,18+,5.4,58,0,0,1,0,0,Ilya Naishuller,"Action,Adventure,Sci-Fi,Thriller","Russia,United States,China","English,Russian",96,Prime Video
4254,4255,The Mandela Effect,2019,,5.7,58,0,1,1,0,0,David Guy Levy,"Drama,Sci-Fi,Thriller",United States,"English,Spanish",80,"Hulu, Prime Video"
1386,1387,Godzilla: City on the Edge of Battle,2018,13+,5.8,58,1,0,0,0,0,"Hiroyuki Seshita,Kôbun Shizuno","Animation,Action,Adventure,Sci-Fi",Japan,Japanese,101,Netflix
5600,5601,Transit,2012,18+,5.8,58,0,0,1,0,0,Christian Petzold,"Drama,Sci-Fi","Germany,France","German,French,French Sign Language",101,Prime Video
5622,5623,Dance of the Dead,2008,18+,5.8,58,0,0,1,0,0,Gregg Bishop,"Action,Comedy,Horror,Sci-Fi",United States,English,87,Prime Video
4250,4251,Little Joe,2019,,5.9,58,0,1,0,0,0,Jessica Hausner,"Drama,Horror,Mystery,Sci-Fi","Austria,United Kingdom,Germany,France",English,105,Hulu
9037,9038,Leroy & Stitch,2006,all,6.2,58,0,0,0,1,0,"Tony Craig,Roberts Gannaway","Animation,Action,Adventure,Comedy,Drama,Family,Sci-Fi",United States,English,73,Disney+
9053,9054,Smart House,1999,all,6.2,58,0,0,0,1,0,LeVar Burton,"Comedy,Drama,Family,Sci-Fi",United States,English,82,Disney+
5616,5617,The Adventures of Mark Twain,1985,all,7.4,58,0,0,1,0,0,Will Vinton,"Animation,Adventure,Family,Fantasy,Sci-Fi",United States,English,86,Prime Video
9040,9041,Phineas and Ferb: Star Wars,2014,all,8.2,58,0,0,0,1,0,"Robert Hughes,Sue Perrotto","Animation,Action,Comedy,Family,Musical,Sci-Fi",United States,"English,Brazilian Sign Language",51,Disney+
5522,5523,Escape Plan 2: Hades,2018,18+,3.9,59,0,0,1,0,0,Steven C. Miller,"Action,Crime,Mystery,Sci-Fi,Thriller","China,United States","English,Chinese,Arabic",96,Prime Video
1230,1231,IO,2019,13+,4.7,59,1,0,0,0,0,Jonathan Helpert,"Adventure,Drama,Sci-Fi",United States,English,96,Netflix
9026,9027,Atlantis: Milo's Return,2003,all,5.1,59,0,0,0,1,0,"Victor Cook,Toby Shelton,Tad Stones","Animation,Action,Adventure,Comedy,Drama,Family,Fantasy,Sci-Fi",United States,"Norwegian,English",70,Disney+
1268,1269,Dragonheart: Vengeance,2020,13+,5.3,59,1,0,0,0,0,Ivan Silvestrini,"Action,Adventure,Drama,Fantasy,Sci-Fi",United States,English,97,Netflix
4231,4232,Overdrive,2017,13+,5.4,59,0,1,0,0,0,Stephen King,"Action,Comedy,Horror,Sci-Fi",United States,English,98,Hulu
1295,1296,Starship Troopers: Traitor of Mars,2017,18+,5.5,59,1,0,0,0,0,"Shinji Aramaki,Masaru Matsumoto","Animation,Action,Sci-Fi","United States,Japan",English,88,Netflix
4236,4237,The Osiris Child,2016,,5.6,59,0,1,0,0,0,Shane Abbess,"Action,Adventure,Drama,Fantasy,Horror,Sci-Fi,Thriller",Australia,English,99,Hulu
5503,5504,Parallel,2021,18+,5.8,59,0,0,1,0,0,Isaac Ezban,"Drama,Sci-Fi,Thriller",Canada,English,104,Prime Video
5486,5487,Rampage,2009,18+,6.2,59,0,0,1,0,0,Brad Peyton,"Action,Adventure,Sci-Fi",United States,"English,American Sign Language",107,Prime Video
5490,5491,Permanent Midnight,1998,18+,6.2,59,0,0,1,0,0,Alejandro Amenábar,"Drama,Mystery,Sci-Fi,Thriller","Spain,France,Italy",Spanish,119,Prime Video
1254,1255,Time to Hunt,2020,,6.3,59,1,0,0,0,0,Yoon Sunghyun,"Action,Crime,Drama,Sci-Fi,Thriller",South Korea,Korean,134,Netflix
9024,9025,Zenon: Girl of the 21st Century,1999,all,6.4,59,0,0,0,1,0,Kenneth Johnson,"Adventure,Comedy,Family,Sci-Fi",United States,English,97,Disney+
1323,1324,Children of the Sea,2019,,6.5,59,1,0,0,0,0,Ayumu Watanabe,"Animation,Adventure,Drama,Family,Fantasy,Mystery,Sci-Fi","Japan,United States",Japanese,111,Netflix
5507,5508,The Blood of Heroes,1989,18+,6.5,59,0,0,1,0,0,David Webb Peoples,"Action,Sci-Fi,Sport","Australia,United States",English,90,Prime Video
1255,1256,The Soul,2021,16+,6.6,59,1,0,0,0,0,Wei-Hao Cheng,"Drama,Mystery,Sci-Fi,Thriller","China,Taiwan","Chinese,English,Mandarin,Min Nan",130,Netflix
9021,9022,Auntie Edna,2018,,7.2,59,0,0,0,1,0,Ted Mathot,"Animation,Short,Action,Adventure,Comedy,Family,Sci-Fi",United States,English,5,Disney+
5483,5484,Technotise: Edit and I,2009,13+,7.4,59,0,0,1,0,0,"Aleksa Gajic,Nebojsa Andric,Stevan Djordjevic","Animation,Drama,Sci-Fi,Thriller",Serbia,"Serbian,Portuguese",100,Prime Video
4211,4212,RoboCop 3,1993,13+,4.1,60,0,1,0,0,0,Fred Dekker,"Action,Crime,Sci-Fi,Thriller",United States,"English,Japanese",104,Hulu
9001,9002,Artemis Fowl,2020,7+,4.2,60,0,0,0,1,0,Kenneth Branagh,"Adventure,Family,Fantasy,Sci-Fi",United States,"English,Italian",95,Disney+
5413,5414,Monsters of Man,2020,18+,5.3,60,0,0,1,0,0,Mark Toia,"Action,Sci-Fi,Thriller",Australia,English,131,Prime Video
4198,4199,Books of Blood,2020,18+,5.6,60,0,1,0,0,0,Brannon Braga,"Drama,Horror,Mystery,Sci-Fi",United States,English,107,Hulu
5459,5460,C.H.U.D.,1984,18+,5.6,60,0,0,1,0,0,Douglas Cheek,"Horror,Sci-Fi",United States,English,88,Prime Video
5449,5450,Beyond Re-Animator,2003,18+,5.8,60,0,0,1,0,0,Brian Yuzna,"Comedy,Horror,Sci-Fi",Spain,English,96,Prime Video
5462,5463,Outpost,2008,18+,5.8,60,0,0,1,0,0,Steve Barker,"Action,Horror,Sci-Fi",United Kingdom,English,90,Prime Video
1218,1219,Illang: The Wolf Brigade,2018,18+,6,60,1,0,0,0,0,Jee-woon Kim,"Action,Sci-Fi",South Korea,Korean,139,Netflix
1149,1150,Advantageous,2015,,6.2,60,1,0,0,0,0,Jennifer Phang,"Drama,Family,Sci-Fi",United States,"English,French",90,Netflix
9000,9001,Stitch! The Movie,2003,all,6.2,60,0,0,0,1,0,"Tony Craig,Roberts Gannaway","Animation,Adventure,Comedy,Family,Sci-Fi",United States,"Hawaiian,English",60,Disney+
1156,1157,Unbreakable Kimmy Schmidt: Kimmy vs. the Reverend,2020,13+,7,60,1,0,0,0,0,Claire Scanlon,"Adventure,Comedy,Mystery,Romance,Sci-Fi",United States,English,80,Netflix
1226,1227,The History of Future Folk,2012,,7.2,60,1,0,0,0,0,"John Mitchell,Jeremy Kipp Walker","Comedy,Music,Sci-Fi",United States,"English,Spanish",86,Netflix
9008,9009,Kim Possible: So the Drama,2005,all,7.2,60,0,0,0,1,0,Steve Loter,"Animation,Action,Adventure,Comedy,Family,Fantasy,Sci-Fi",United States,English,71,Disney+
8991,8992,"Honey, I Blew Up the Kid",1992,7+,4.9,61,0,0,0,1,0,Randal Kleiser,"Adventure,Comedy,Family,Romance,Sci-Fi",United States,English,89,Disney+
5328,5329,Bleeding Steel,2017,18+,5.2,61,0,0,1,0,0,Leo Zhang,"Action,Sci-Fi,Thriller","China,Hong Kong SAR China","English,Mandarin",109,Prime Video
5355,5356,Atlas Shrugged: Part I,2011,13+,5.6,61,0,0,1,0,0,Paul Johansson,"Drama,Mystery,Sci-Fi",United States,"English,German",97,Prime Video
4179,4180,Time Freak,2018,13+,5.8,61,0,1,0,0,0,Andrew Bowler,"Comedy,Drama,Romance,Sci-Fi",United States,English,104,Hulu
4182,4183,Save Yourselves!,2020,18+,5.8,61,0,1,0,0,0,"Alex Huston Fischer,Eleanor Wilson","Adventure,Comedy,Sci-Fi",United States,English,93,Hulu
5364,5365,I'll Follow You Down,2013,13+,6.1,61,0,0,1,0,0,Richie Mehta,"Drama,Mystery,Sci-Fi",Canada,English,93,Prime Video
5388,5389,Right at Your Door,2006,18+,6.1,61,0,0,1,0,0,Chris Gorak,"Drama,Sci-Fi,Thriller",United States,English,96,Prime Video
5376,5377,Black Box,2020,16+,6.2,61,0,0,1,0,0,Emmanuel Osei-Kuffour,"Horror,Mystery,Sci-Fi,Thriller",United States,English,100,Prime Video
8985,8986,Maggie Simpson in The Force Awakens from Its Nap,2021,18+,6.2,61,0,0,0,1,0,David Silverman,"Animation,Short,Comedy,Family,Sci-Fi",United States,English,3,Disney+
8978,8979,The Lego Star Wars Holiday Special,2020,all,6.4,61,0,0,0,1,0,Ken Cunningham,"Animation,Action,Adventure,Comedy,Family,Sci-Fi",United States,English,44,Disney+
8979,8980,Escape to Witch Mountain,1975,all,6.4,61,0,0,0,1,0,John Hough,"Adventure,Family,Fantasy,Mystery,Sci-Fi",United States,English,97,Disney+
1095,1096,Altered Carbon: Resleeved,2020,18+,6.5,61,1,0,0,0,0,"Takeru Nakajima,Yoshiyuki Okada,Shouta Kitamoto","Animation,Action,Crime,Drama,Mystery,Sci-Fi,Thriller","Japan,United States",Japanese,74,Netflix
8993,8994,The Absent-Minded Professor,1961,all,6.8,61,0,0,0,1,0,Robert Stevenson,"Comedy,Family,Sci-Fi,Sport",United States,English,92,Disney+
4178,4179,The Cave,2019,13+,7.5,61,0,1,0,0,0,Bruce Hunt,"Action,Adventure,Horror,Sci-Fi,Thriller","United States,Romania,Mexico","English,Romanian",97,Hulu
8958,8959,A Wrinkle in Time,2018,7+,4.2,62,0,0,0,1,0,Ava DuVernay,"Adventure,Family,Fantasy,Sci-Fi",United States,English,109,Disney+
4134,4135,2067,2020,16+,4.9,62,0,1,0,0,0,Seth Larney,Sci-Fi,Australia,English,114,Hulu
8954,8955,G-Force,2009,7+,5.1,62,0,0,0,1,0,Hoyt Yeatman,"Animation,Action,Adventure,Comedy,Family,Fantasy,Sci-Fi",United States,"English,Spanish",88,Disney+
4139,4140,The Man Who Killed Hitler and Then the Bigfoot,2019,18+,5.7,62,0,1,0,0,0,Robert D. Krzykowski,"Adventure,Drama,Sci-Fi,War",United States,"English,Russian",98,Hulu
1003,1004,Elizabeth Harvest,2018,18+,5.8,62,1,0,0,0,0,Sebastian Gutierrez,"Horror,Sci-Fi,Thriller",United States,English,108,Netflix
1016,1017,Sweetheart,2019,13+,5.8,62,1,0,0,0,0,J.D. Dillard,"Adventure,Horror,Mystery,Sci-Fi,Thriller",United States,English,82,Netflix
5277,5278,Infinity Chamber,2016,,6.3,62,0,0,1,0,0,Travis Milloy,"Sci-Fi,Thriller",United States,English,103,Prime Video
4147,4148,Proxima,2019,,6.4,62,0,1,0,0,0,Alice Winocour,"Action,Adventure,Drama,Sci-Fi","France,Germany","French,English,Russian,German",107,Hulu
5286,5287,Phase IV,1974,7+,6.5,62,0,0,1,0,0,Saul Bass,"Horror,Sci-Fi,Thriller","United Kingdom,United States",English,84,Prime Video
1007,1008,Blame!,2017,13+,6.7,62,1,0,0,0,0,Hiroyuki Seshita,"Animation,Action,Drama,Sci-Fi,Thriller",Japan,Japanese,106,Netflix
4135,4136,Teen Titans Go! vs. Teen Titans,2019,,6.9,62,0,1,0,0,0,Jeff Mednikow,"Animation,Action,Adventure,Comedy,Family,Fantasy,Sci-Fi",United States,English,77,Hulu
994,995,Three,2016,13+,7.3,62,1,0,0,0,0,Robert Zemeckis,"Adventure,Comedy,Sci-Fi,Western",United States,English,118,Netflix
8952,8953,Howard,2018,7+,7.6,62,0,0,0,1,0,Willard Huyck,"Action,Adventure,Comedy,Romance,Sci-Fi",United States,English,110,Disney+
949,950,The Titan,2018,18+,4.8,63,1,0,0,0,0,Lennart Ruff,"Drama,Mystery,Romance,Sci-Fi,Thriller","United Kingdom,Spain,United States,Germany",English,97,Netflix
963,964,Awake,2021,,4.8,63,1,0,1,0,0,Mark Raso,"Action,Adventure,Drama,Sci-Fi,Thriller",United States,"English,Greek,Spanish",96,"Netflix, Prime Video"
5252,5253,The Animal,2001,13+,4.8,63,0,0,1,0,0,Luke Greenfield,"Comedy,Sci-Fi",United States,English,84,Prime Video
976,977,The Darkest Hour,2011,13+,4.9,63,1,0,0,0,0,Chris Gorak,"Action,Adventure,Horror,Sci-Fi,Thriller","United States,Russia","English,Russian",89,Netflix
981,982,Rim of the World,2019,7+,5.2,63,1,0,0,0,0,McG,"Action,Adventure,Comedy,Sci-Fi",United States,"English,Chinese",98,Netflix
924,925,Beyond Skyline,2017,18+,5.3,63,1,0,0,0,0,Liam O'Donnell,"Action,Adventure,Sci-Fi","United States,Canada,Indonesia,United Kingdom,China,Singapore","English,Indonesian",106,Netflix
8923,8924,Mars Needs Moms,2011,7+,5.4,63,0,0,0,1,0,Simon Wells,"Animation,Action,Adventure,Family,Sci-Fi",United States,English,88,Disney+
978,979,Ratchet & Clank,2016,7+,5.6,63,1,0,0,0,0,"Kevin Munroe,Jericca Cleland","Animation,Action,Adventure,Comedy,Family,Fantasy,Sci-Fi","Hong Kong SAR China,Canada,United States",English,94,Netflix
4117,4118,Virtuosity,1995,18+,5.6,63,0,1,0,0,0,Brett Leonard,"Action,Crime,Sci-Fi,Thriller",United States,English,106,Hulu
982,983,America: The Motion Picture,2021,,5.7,63,1,0,0,0,0,Matt Thompson,"Animation,Action,Adventure,Comedy,History,Sci-Fi",United States,English,98,Netflix
932,933,Escape from Planet Earth,2012,7+,5.9,63,1,0,0,0,0,Cal Brunker,"Animation,Adventure,Comedy,Family,Sci-Fi","United States,Canada",English,89,Netflix
936,937,Sleight,2016,18+,5.9,63,1,0,0,0,0,J.D. Dillard,"Crime,Drama,Sci-Fi",United States,English,89,Netflix
969,970,Orbiter 9,2017,16+,5.9,63,1,0,0,0,0,Hatem Khraiche,"Drama,Romance,Sci-Fi","Spain,Colombia","Spanish,English",95,Netflix
5255,5256,The Stuff,1985,18+,5.9,63,0,0,1,0,0,Larry Cohen,"Comedy,Horror,Sci-Fi",United States,English,87,Prime Video
5257,5258,Cold Skin,2017,16+,6,63,0,0,1,0,0,Xavier Gens,"Action,Adventure,Fantasy,Horror,Sci-Fi,Thriller","Spain,France",English,108,Prime Video
8930,8931,The Black Hole,1979,7+,6,63,0,0,0,1,0,Gary Nelson,"Action,Sci-Fi",United States,English,98,Disney+
4096,4097,Aniara,2019,18+,6.2,63,0,1,0,0,0,"Pella Kagerman,Hugo Lilja","Drama,Sci-Fi","Sweden,Denmark,United States","Swedish,Spanish,English",106,Hulu
5268,5269,Split Second,1992,18+,6.2,63,0,0,1,0,0,Tony Maylam,"Action,Crime,Horror,Sci-Fi,Thriller",United Kingdom,English,90,Prime Video
973,974,Freak Show,2018,,6.6,63,1,1,0,0,0,"Tom Stern,Alex Winter","Comedy,Sci-Fi",United States,English,86,"Netflix, Hulu"
4095,4096,Little Fish,2021,16+,6.9,63,0,1,0,0,0,Chad Hartigan,"Drama,Romance,Sci-Fi","United States,Canada",English,101,Hulu
8934,8935,Phineas and Ferb: The Movie: Candace Against the Universe,2020,all,7.2,63,0,0,0,1,0,Bob Bowen,"Animation,Action,Adventure,Comedy,Family,Fantasy,Musical,Sci-Fi,Thriller",United States,English,86,Disney+
4113,4114,Trigun: Badlands Rumble,2010,16+,7.5,63,0,1,0,0,0,Satoshi Nishimura,"Animation,Action,Adventure,Comedy,Sci-Fi",Japan,Japanese,90,Hulu
970,971,Awe!,2018,,7.8,63,1,0,0,0,0,Prasanth Varma,"Drama,Fantasy,Horror,Mystery,Sci-Fi,Thriller",India,Telugu,150,Netflix
8904,8905,Marvel Rising: Secret Warriors,2018,,5.3,64,0,0,0,1,0,"Alfred Gimeno,Eric Radomski","Animation,Action,Comedy,Fantasy,Sci-Fi",United States,English,80,Disney+
4066,4067,The Tuxedo,2002,13+,5.4,64,0,1,0,0,0,Kevin Donovan,"Action,Comedy,Sci-Fi",United States,"English,Cantonese",98,Hulu
847,848,Mute,2018,18+,5.5,64,1,0,0,0,0,Duncan Jones,"Mystery,Sci-Fi,Thriller","United Kingdom,Germany","English,German",126,Netflix
5201,5202,After the Dark,2013,18+,5.7,64,0,0,1,0,0,John Huddles,"Drama,Fantasy,Sci-Fi","United States,Indonesia","English,Middle English,Indonesian",107,Prime Video
4081,4082,The Relic,1997,18+,5.8,64,0,1,0,0,0,Peter Hyams,"Horror,Mystery,Sci-Fi,Thriller","United Kingdom,Germany,Japan,United States",English,110,Hulu
5166,5167,0.098611111,2017,13+,5.8,64,0,0,1,0,0,Paul Currie,"Drama,Mystery,Sci-Fi,Thriller","Australia,United States",English,98,Prime Video
5180,5181,24 Hours to Live,2017,18+,5.8,64,0,0,1,0,0,Brian Smrz,"Action,Sci-Fi,Thriller","South Africa,China,United States","English,Chinese",93,Prime Video
870,871,Jimmy Neutron: Boy Genius,2001,all,6,64,1,0,0,0,0,John A. Davis,"Animation,Action,Adventure,Comedy,Family,Sci-Fi","United States,Spain","Spanish,English",82,Netflix
5190,5191,The Little Shop of Horrors,1960,,6.3,64,0,0,1,0,0,Frank Oz,"Comedy,Horror,Musical,Romance,Sci-Fi",United States,English,94,Prime Video
5193,5194,Space Pirate Captain Harlock,2013,13+,6.4,64,0,0,1,0,0,Shinji Aramaki,"Animation,Adventure,Sci-Fi",Japan,Japanese,115,Prime Video
5197,5198,Extracted,2012,18+,6.5,64,0,0,1,0,0,Nir Paniry,"Drama,Sci-Fi",United States,English,89,Prime Video
5213,5214,The Nutty Professor,1963,,6.7,64,0,0,1,0,0,Tom Shadyac,"Comedy,Romance,Sci-Fi",United States,English,95,Prime Video
8903,8904,Journey to the Center of the Earth,1959,all,7,64,0,0,0,1,0,Eric Brevig,"Action,Adventure,Family,Fantasy,Sci-Fi",United States,"English,Icelandic,Italian",93,Disney+
872,873,The Call,2020,,7.1,64,1,0,0,0,0,Chung-Hyun Lee,"Crime,Horror,Mystery,Sci-Fi,Thriller",South Korea,Korean,112,Netflix
825,826,Thunder Force,2021,13+,4.4,65,1,0,0,0,0,Ben Falcone,"Action,Adventure,Comedy,Fantasy,Sci-Fi",United States,English,106,Netflix
787,788,Congo,1995,13+,5.2,65,1,0,0,0,0,Frank Marshall,"Action,Adventure,Mystery,Sci-Fi",United States,"English,American Sign Language",109,Netflix
804,805,See You Yesterday,2019,,5.2,65,1,0,0,0,0,Stefon Bristol,"Action,Adventure,Crime,Drama,Sci-Fi,Thriller",United States,English,84,Netflix
769,770,The Silence,2019,13+,5.3,65,1,0,0,0,0,John R. Leonetti,"Drama,Horror,Sci-Fi,Thriller","Canada,Germany","English,American Sign Language",90,Netflix
4023,4024,The Colony,2013,,5.3,65,0,1,0,0,0,Tim Fehlbaum,"Sci-Fi,Thriller","Germany,Switzerland",English,104,Hulu
4038,4039,Monster Trucks,2016,7+,5.7,65,0,1,0,0,0,Chris Wedge,"Animation,Action,Adventure,Comedy,Family,Fantasy,Sci-Fi","Canada,United States",English,104,Hulu
5101,5102,Barbarella,1968,7+,5.9,65,0,0,1,0,0,Roger Vadim,"Adventure,Comedy,Fantasy,Sci-Fi","France,Italy","English,French",98,Prime Video
802,803,iBoy,2017,,6,65,1,0,0,0,0,Adam Randall,"Action,Crime,Sci-Fi,Thriller",United Kingdom,English,90,Netflix
5132,5133,Beyond the Black Rainbow,2010,18+,6,65,0,0,1,0,0,Panos Cosmatos,"Horror,Sci-Fi,Thriller",Canada,English,110,Prime Video
5153,5154,The Final Cut,2004,13+,6.2,65,0,0,1,0,0,Omar Naim,"Drama,Sci-Fi,Thriller","United States,Canada,Germany",English,95,Prime Video
5152,5153,OtherLife,2017,18+,6.3,65,0,0,1,0,0,Ben C. Lucas,"Crime,Drama,Mystery,Sci-Fi,Thriller","Australia,United Arab Emirates",English,96,Prime Video
8896,8897,Lilo & Stitch 2: Stitch Has a Glitch,2005,7+,6.3,65,0,0,0,1,0,"Michael LaBash,Tony Leondis","Animation,Comedy,Drama,Family,Sci-Fi",United States,"English,French,Spanish",68,Disney+
828,829,Space Sweepers,2021,,6.6,65,1,0,0,0,0,Sung-hee Jo,"Action,Adventure,Drama,Fantasy,Sci-Fi",South Korea,"Korean,English,Spanish,Danish,French,German,Russian,Chinese,Arabic,Filipino,Mandarin",136,Netflix
5098,5099,Light of My Life,2019,18+,6.6,65,0,0,1,0,0,Casey Affleck,"Drama,Sci-Fi,Thriller",United States,English,119,Prime Video
808,809,Two Distant Strangers,2020,18+,6.9,65,1,0,0,0,0,"Travon Free,Martin Desmond Roe","Short,Drama,Sci-Fi",United States,English,32,Netflix
8898,8899,Phineas and Ferb: The Movie: Across the 2nd Dimension,2011,all,7.4,65,0,0,0,1,0,"Robert Hughes,Dan Povenmire,Jay Lender,Jeff 'Swampy' Marsh,Kyle Menke","Animation,Action,Adventure,Comedy,Family,Musical,Sci-Fi","United States,Taiwan,China","Mandarin,Chinese,Min Nan,English",78,Disney+
8867,8868,Flubber,1997,7+,5.3,66,0,0,0,1,0,Les Mayfield,"Comedy,Family,Sci-Fi",United States,English,93,Disney+
739,740,In the Tall Grass,2019,18+,5.4,66,1,0,0,0,0,Vincenzo Natali,"Horror,Mystery,Sci-Fi,Thriller","Canada,United States",English,101,Netflix
8873,8874,Race to Witch Mountain,2009,7+,5.7,66,0,0,0,1,0,Andy Fickman,"Action,Adventure,Family,Fantasy,Sci-Fi,Thriller",United States,English,98,Disney+
5095,5096,The Blackout,2019,18+,6.1,66,0,0,1,0,0,Egor Baranov,"Action,Drama,Sci-Fi,Thriller",Russia,Russian,127,Prime Video
5064,5065,How I Live Now,2013,18+,6.5,66,0,0,1,0,0,Kevin Macdonald,"Action,Drama,Romance,Sci-Fi,Thriller,War","United Kingdom,Canada",English,101,Prime Video
5075,5076,Repo! The Genetic Opera,2008,18+,6.6,66,0,0,1,0,0,Darren Lynn Bousman,"Horror,Musical,Sci-Fi",United States,English,98,Prime Video
751,752,Gantz:O,2016,18+,7.1,66,1,0,0,0,0,"Yasushi Kawamura,Kei'ichi Sato","Animation,Action,Drama,Fantasy,Horror,Sci-Fi,Thriller",Japan,Japanese,95,Netflix
4003,4004,Sword Art Online: The Movie - Ordinal Scale,2017,13+,7.4,66,0,1,0,0,0,Tomohiko Itô,"Animation,Action,Adventure,Fantasy,Sci-Fi",Japan,Japanese,119,Hulu
683,684,Stowaway,2021,18+,5.6,67,1,0,0,0,0,Joe Penna,"Drama,Sci-Fi,Thriller","Germany,United States",English,116,Netflix
3969,3970,High-Rise,2015,18+,5.6,67,0,1,1,0,0,Ben Wheatley,"Drama,Sci-Fi","United Kingdom,Ireland,Belgium",English,119,"Hulu, Prime Video"
3964,3965,Timeline,2003,13+,5.7,67,0,1,0,0,0,Richard Donner,"Action,Adventure,Sci-Fi,War",United States,"English,French",116,Hulu
5012,5013,Priest,2011,13+,5.7,67,0,0,1,0,0,Scott Stewart,"Action,Adventure,Fantasy,Horror,Sci-Fi,Thriller",United States,English,87,Prime Video
645,646,Tau,2018,18+,5.8,67,1,0,0,0,0,Federico D'Alessandro,"Sci-Fi,Thriller",United States,English,97,Netflix
667,668,The Fourth Kind,2009,13+,5.9,67,1,0,0,0,0,Olatunde Osunsanmi,"Horror,Mystery,Sci-Fi,Thriller","United States,United Kingdom","English,Aboriginal",98,Netflix
5024,5025,The Ruins,2008,18+,5.9,67,0,0,1,0,0,Carter Smith,"Adventure,Fantasy,Horror,Mystery,Sci-Fi,Thriller","United States,Germany,Australia","English,Maya,Spanish,Greek,German",90,Prime Video
5032,5033,Carriers,2009,13+,6,67,0,0,1,0,0,"David Pastor,Àlex Pastor","Action,Adventure,Drama,Sci-Fi,Thriller",United States,English,85,Prime Video
5050,5051,Absolutely Anything,2015,18+,6,67,0,0,1,0,0,Terry Jones,"Comedy,Sci-Fi",United Kingdom,"English,French",85,Prime Video
5015,5016,Splinter,2008,18+,6.1,67,0,0,1,0,0,Toby Wilkins,"Horror,Sci-Fi,Thriller",United States,English,82,Prime Video
661,662,Oxygen,2021,18+,6.5,67,1,0,0,0,0,Alexandre Aja,"Drama,Fantasy,Sci-Fi,Thriller","France,United States",French,100,Netflix
3979,3980,The Congress,2013,,6.5,67,0,1,0,0,0,Ari Folman,"Animation,Drama,Sci-Fi","Israel,Germany,Poland,Luxembourg,Belgium,France,United States,India",English,122,Hulu
5053,5054,Explorers,1985,7+,6.5,67,0,0,1,0,0,Joe Dante,"Adventure,Comedy,Family,Romance,Sci-Fi",United States,"English,German",109,Prime Video
5047,5048,The Man Who Fell to Earth,1976,18+,6.7,67,0,0,1,0,0,Nicolas Roeg,"Drama,Sci-Fi",United Kingdom,English,139,Prime Video
674,675,Kingsglaive: Final Fantasy XV,2016,13+,6.8,67,1,0,0,0,0,Takeshi Nozue,"Animation,Action,Adventure,Drama,Family,Fantasy,Sci-Fi","Japan,United States","Japanese,English,Chinese",110,Netflix
698,699,The Wolf's Call,2019,16+,6.9,67,1,0,0,0,0,Antonin Baudry,"Action,Adventure,Sci-Fi,Thriller",France,French,115,Netflix
4976,4977,Æon Flux,2005,13+,5.5,68,0,0,1,0,0,Karyn Kusama,"Action,Adventure,Sci-Fi,Thriller","United States,Germany,Brazil,Italy",English,93,Prime Video
8827,8828,Chicken Little,2005,all,5.7,68,0,0,0,1,0,Mark Dindal,"Animation,Adventure,Comedy,Family,Fantasy,Sci-Fi",United States,English,81,Disney+
3953,3954,Hollow Man,2000,18+,5.8,68,0,1,0,0,0,Paul Verhoeven,"Action,Horror,Sci-Fi,Thriller","United States,Germany",English,112,Hulu
5010,5011,High Life,2018,18+,5.8,68,0,0,1,0,0,Claire Denis,"Adventure,Drama,Horror,Mystery,Sci-Fi,Thriller","France,United Kingdom,Germany,Poland,United States",English,113,Prime Video
4978,4979,Iron Sky,2012,18+,5.9,68,0,0,1,0,0,Timo Vuorensola,"Action,Adventure,Comedy,Sci-Fi","Finland,Germany,Australia,France,Norway,Belgium,Denmark,United Kingdom","English,German",93,Prime Video
625,626,Circle,2015,,6,68,1,0,1,0,0,"Aaron Hann,Mario Miscione","Drama,Horror,Mystery,Sci-Fi,Thriller",United States,English,87,"Netflix, Prime Video"
3950,3951,Universal Soldier,1992,18+,6,68,0,1,0,0,0,Roland Emmerich,"Action,Sci-Fi",United States,English,102,Hulu
4979,4980,Sky Captain and the World of Tomorrow,2004,7+,6,68,0,0,1,0,0,Kerry Conran,"Action,Adventure,Mystery,Sci-Fi,Thriller","United Kingdom,Italy,United States","English,Tibetan,German",106,Prime Video
8840,8841,The Cat from Outer Space,1978,all,6.1,68,0,0,0,1,0,Norman Tokar,"Comedy,Family,Sci-Fi",United States,English,104,Disney+
619,620,Prospect,2018,18+,6.3,68,1,0,0,0,0,"Christopher Caldwell,Zeek Earl","Drama,Sci-Fi,Thriller,Western","Canada,United States",English,100,Netflix
640,641,Time Trap,2017,18+,6.3,68,1,0,0,0,0,"Mark Dennis,Ben Foster","Action,Adventure,Mystery,Sci-Fi",United States,English,87,Netflix
4975,4976,John Dies at the End,2012,18+,6.4,68,0,0,1,0,0,Don Coscarelli,"Comedy,Fantasy,Horror,Sci-Fi",United States,English,99,Prime Video
4995,4996,Archive,2020,18+,6.4,68,0,0,1,0,0,Gavin Rothery,"Drama,Mystery,Sci-Fi,Thriller","United Kingdom,Hungary,United States","English,Japanese,French",109,Prime Video
5002,5003,Pulse,2001,18+,6.6,68,0,0,1,0,0,Kiyoshi Kurosawa,"Horror,Mystery,Sci-Fi,Thriller",Japan,Japanese,119,Prime Video
5008,5009,The Hunter,2011,18+,6.7,68,0,0,1,0,0,,"Action,Adventure,Crime,Drama,Mystery,Sci-Fi",United States,"English,Greek,Arabic,Russian,Chinese,Spanish,Japanese",42,Prime Video
567,568,Outside the Wire,2021,18+,5.4,69,1,0,0,0,0,Mikael Håfström,"Action,Adventure,Fantasy,Sci-Fi","Hungary,United States","English,Ukrainian,Russian",114,Netflix
559,560,The Cloverfield Paradox,2018,13+,5.5,69,1,0,0,0,0,Julius Onah,"Action,Horror,Sci-Fi,Thriller",United States,"English,Mandarin,German",102,Netflix
8814,8815,Ice Age: Collision Course,2016,all,5.7,69,0,0,0,1,0,"Mike Thurmeier,Galen T. Chu","Animation,Adventure,Comedy,Family,Fantasy,Sci-Fi","United States,United Kingdom,Australia",English,94,Disney+
583,584,Mortal Kombat,1995,13+,5.8,69,1,0,0,0,0,Simon McQuoid,"Action,Adventure,Fantasy,Sci-Fi,Thriller",United States,"English,Japanese,Chinese",110,Netflix
569,570,Project Power,2020,18+,6,69,1,0,0,0,0,"Henry Joost,Ariel Schulman","Action,Crime,Sci-Fi,Thriller",United States,"English,Spanish",113,Netflix
8812,8813,Bedtime Stories,2008,7+,6,69,0,0,0,1,0,Adam Shankman,"Adventure,Comedy,Family,Fantasy,Romance,Sci-Fi",United States,English,99,Disney+
577,578,Anon,2018,18+,6.1,69,1,0,0,0,0,Andrew Niccol,"Crime,Sci-Fi,Thriller","United Kingdom,Canada,United States,Germany",English,100,Netflix
4949,4950,Small Soldiers,1998,13+,6.2,69,0,0,1,0,0,Joe Dante,"Action,Adventure,Comedy,Family,Sci-Fi",United States,English,108,Prime Video
4932,4933,Europa Report,2013,13+,6.4,69,0,0,1,0,0,Sebastián Cordero,"Action,Drama,Mystery,Sci-Fi,Thriller",United States,"English,Russian,Chinese",97,Prime Video
4946,4947,Phantasm,1979,18+,6.7,69,0,0,1,0,0,Don Coscarelli,"Horror,Sci-Fi",United States,English,89,Prime Video
8823,8824,"20,000 Leagues Under the Sea",1954,all,7.2,69,0,0,0,1,0,Richard Fleischer,"Adventure,Drama,Family,Fantasy,Sci-Fi",United States,English,127,Disney+
4957,4958,Rewind,2019,,8,69,0,0,1,0,0,Nacho Vigalondo,"Horror,Mystery,Sci-Fi,Thriller",Spain,Spanish,92,Prime Video
527,528,Battle: Los Angeles,2011,13+,5.7,70,1,0,0,0,0,Jonathan Liebesman,"Action,Sci-Fi",United States,"English,Ukrainian",116,Netflix
3896,3897,Gamer,2009,18+,5.8,70,0,1,0,0,0,"Mark Neveldine,Brian Taylor","Action,Sci-Fi,Thriller",United States,English,95,Hulu
3903,3904,The Time Machine,2002,13+,6,70,0,1,0,0,0,Simon Wells,"Action,Adventure,Sci-Fi","United States,United Arab Emirates",English,96,Hulu
508,509,Zathura: A Space Adventure,2005,7+,6.2,70,1,0,0,0,0,Jon Favreau,"Action,Adventure,Comedy,Family,Fantasy,Sci-Fi",United States,English,101,Netflix
533,534,Pokémon the Movie: The Power of Us,2018,all,6.3,70,1,0,0,0,0,Tetsuo Yajima,"Animation,Action,Adventure,Family,Fantasy,Sci-Fi",Japan,Japanese,100,Netflix
3895,3896,Sputnik,2020,18+,6.4,70,0,1,0,0,0,"Anthony Russo,Joe Russo","Action,Adventure,Sci-Fi",United States,"English,German,Xhosa,Russian,Romanian,Hindi",147,Hulu
3915,3916,Possessor Uncut,2020,18+,6.5,70,0,1,0,0,0,Brandon Cronenberg,"Horror,Mystery,Sci-Fi,Thriller","Canada,United Kingdom",English,103,Hulu
3909,3910,Blast from the Past,1999,13+,6.6,70,0,1,0,0,0,Hugh Wilson,"Comedy,Drama,Romance,Sci-Fi",United States,"English,French,German,Latin",112,Hulu
8807,8808,Flight of the Navigator,1986,7+,6.9,70,0,0,0,1,0,Randal Kleiser,"Adventure,Comedy,Family,Sci-Fi",United States,English,90,Disney+
8809,8810,BURN·E,2008,all,7.6,70,0,0,0,1,0,Angus MacLane,"Animation,Short,Adventure,Comedy,Family,Sci-Fi",United States,English,8,Disney+
471,472,Jupiter Ascending,2015,13+,5.3,71,1,0,0,0,0,"Lana Wachowski,Lilly Wachowski","Action,Adventure,Sci-Fi","United States,Australia","English,Russian",127,Netflix
493,494,The Midnight Sky,2020,13+,5.6,71,1,0,0,0,0,George Clooney,"Drama,Fantasy,Sci-Fi,Thriller",United States,English,118,Netflix
8785,8786,Fantastic Four: Rise of the Silver Surfer,2007,13+,5.6,71,0,0,0,1,0,Tim Story,"Action,Adventure,Fantasy,Sci-Fi","United States,Germany,United Kingdom,Hong Kong SAR China","English,Japanese,Chinese,Arabic",92,Disney+
473,474,Resident Evil: Afterlife,2010,18+,5.8,71,1,1,0,0,0,Paul W.S. Anderson,"Action,Adventure,Horror,Sci-Fi","Germany,France,Canada,United Kingdom,China,United States","English,Japanese,Spanish",96,"Netflix, Hulu"
4897,4898,Vivarium,2019,18+,5.8,71,0,0,1,0,0,Lorcan Finnegan,"Comedy,Horror,Mystery,Sci-Fi","Ireland,Belgium,Denmark,Canada",English,97,Prime Video
496,497,Synchronic,2020,18+,6.2,71,1,0,0,0,0,"Justin Benson,Aaron Moorhead","Drama,Sci-Fi,Thriller",United States,English,102,Netflix
3891,3892,Colossal,2017,18+,6.2,71,0,1,0,0,0,Nacho Vigalondo,"Comedy,Drama,Fantasy,Sci-Fi","Canada,United States,Spain,South Korea","English,Korean",109,Hulu
472,473,Spectral,2016,13+,6.3,71,1,0,0,0,0,Nic Mathieu,"Action,Adventure,Sci-Fi","United States,Hungary","English,Russian,Romanian,Slovenian",107,Netflix
3870,3871,Star Trek: Generations,1994,7+,6.6,71,0,1,0,0,0,David Carson,"Action,Adventure,Mystery,Sci-Fi,Thriller",United States,"English,Klingon",118,Hulu
490,491,Mr. Peabody & Sherman,2014,7+,6.8,71,1,0,0,0,0,Rob Minkoff,"Animation,Adventure,Comedy,Family,Sci-Fi",United States,English,92,Netflix
3869,3870,Thelma,2017,,7,71,0,1,0,0,0,Joachim Trier,"Drama,Fantasy,Horror,Mystery,Romance,Sci-Fi,Thriller","Norway,France,Denmark,Sweden","Norwegian,Swedish",116,Hulu
4865,4866,Green Lantern,2011,13+,5.5,72,0,0,1,0,0,Martin Campbell,"Action,Adventure,Sci-Fi",United States,English,114,Prime Video
437,438,G.I. Joe: The Rise of Cobra,2009,13+,5.8,72,1,0,0,0,0,Stephen Sommers,"Action,Adventure,Sci-Fi,Thriller","United States,Czechia","English,French,Scottish Gaelic",118,Netflix
3849,3850,Bill & Ted Face the Music,2020,7+,6,72,0,1,0,0,0,Dean Parisot,"Adventure,Comedy,Music,Sci-Fi","Bahamas,United States","English,German,Chaozhou,Spanish",91,Hulu
422,423,Code 8,2019,,6.1,72,1,0,0,0,0,Jeff Chan,"Action,Crime,Drama,Sci-Fi,Thriller",Canada,English,98,Netflix
409,410,It Comes at Night,2017,18+,6.2,72,1,0,0,0,0,Trey Edward Shults,"Horror,Mystery,Sci-Fi",United States,English,91,Netflix
404,405,The Discovery,2017,18+,6.3,72,1,0,0,0,0,Charlie McDowell,"Drama,Romance,Sci-Fi,Thriller",United States,English,102,Netflix
431,432,Dark Skies,2013,16+,6.3,72,1,0,0,0,0,Anthony C. Ferrante,"Action,Adventure,Comedy,Horror,Sci-Fi,Thriller",United States,English,86,Netflix
435,436,Cloudy with a Chance of Meatballs 2,2013,7+,6.4,72,1,0,0,0,0,"Cody Cameron,Kris Pearn","Animation,Adventure,Comedy,Family,Fantasy,Sci-Fi","United States,Canada","English,Chinese",95,Netflix
436,437,Turbo,2013,7+,6.4,72,1,0,0,0,0,David Soren,"Animation,Adventure,Comedy,Family,Sci-Fi,Sport",United States,English,96,Netflix
4852,4853,Monsters,2010,18+,6.4,72,0,0,1,0,0,Gareth Edwards,"Adventure,Drama,Romance,Sci-Fi,Thriller","United Kingdom,Mexico","English,Spanish",94,Prime Video
4880,4881,Star Trek: Nemesis,2002,13+,6.4,72,0,0,1,0,0,Stuart Baird,"Action,Adventure,Sci-Fi,Thriller",United States,English,116,Prime Video
8774,8775,"Honey, I Shrunk the Kids",1989,7+,6.4,72,0,0,0,1,0,Joe Johnston,"Adventure,Comedy,Family,Sci-Fi","United States,Mexico",English,93,Disney+
410,411,The Manchurian Candidate,2004,18+,6.6,72,1,0,1,0,0,Jonathan Demme,"Drama,Mystery,Sci-Fi,Thriller",United States,English,129,"Netflix, Prime Video"
406,407,Penguins of Madagascar,2014,7+,6.7,72,1,0,0,0,0,"Eric Darnell,Simon J. Smith","Animation,Adventure,Comedy,Family,Sci-Fi",United States,"Spanish,Armenian,English,Italian,Mandarin",92,Netflix
444,445,Freaks,2019,18+,6.7,72,1,0,0,0,0,"Zach Lipovsky,Adam B. Stein","Drama,Mystery,Sci-Fi,Thriller","United States,Canada",English,105,Netflix
4864,4865,The Vast of Night,2020,13+,6.7,72,0,0,1,0,0,Andrew Patterson,"Drama,Mystery,Sci-Fi,Thriller",United States,English,91,Prime Video
8778,8779,Frankenweenie,2012,7+,6.9,72,0,0,0,1,0,Tim Burton,"Animation,Comedy,Family,Horror,Sci-Fi",United States,English,87,Disney+
3860,3861,Breach,2007,13+,7,72,0,1,1,0,0,John Suits,"Action,Horror,Sci-Fi",Canada,English,92,"Hulu, Prime Video"
3852,3853,The One I Love,2014,18+,7.1,72,0,1,0,0,0,Charlie McDowell,"Comedy,Drama,Romance,Sci-Fi,Thriller",United States,English,91,Hulu
3848,3849,The Dead Zone,1983,18+,7.2,72,0,1,0,0,0,David Cronenberg,"Drama,Horror,Sci-Fi,Thriller","United States,Canada","English,Russian",103,Hulu
428,429,Who Am I,2014,,7.5,72,1,0,0,0,0,Baran bo Odar,"Crime,Drama,Mystery,Sci-Fi,Thriller",Germany,"German,English",102,Netflix
420,421,G.O.R.A.,2004,13+,8,72,1,0,0,0,0,Ömer Faruk Sorak,"Adventure,Comedy,Sci-Fi",Turkey,"Turkish,English",127,Netflix
3840,3841,Gemini Man,2019,13+,5.7,73,0,1,0,0,0,Ang Lee,"Action,Drama,Sci-Fi,Thriller","China,United States","English,French",117,Hulu
372,373,Resident Evil: Extinction,2007,18+,6.2,73,1,1,0,0,0,Russell Mulcahy,"Action,Horror,Sci-Fi","France,Australia,Germany,United Kingdom,United States,Mexico,Canada,Japan",English,94,"Netflix, Hulu"
3841,3842,Predator 2,1990,18+,6.3,73,0,1,0,0,0,Stephen Hopkins,"Action,Horror,Sci-Fi",United States,English,108,Hulu
381,382,Self/less,2015,13+,6.5,73,1,0,0,0,0,Tarsem Singh,"Action,Mystery,Sci-Fi,Thriller",United States,English,117,Netflix
390,391,Midnight Special,2016,13+,6.6,73,1,0,0,0,0,Jeff Nichols,"Drama,Mystery,Sci-Fi,Thriller","United States,Greece",English,112,Netflix
368,369,Hardcore Henry,2015,18+,6.7,73,1,0,0,0,0,Ilya Naishuller,"Action,Adventure,Sci-Fi,Thriller","Russia,United States,China","English,Russian",96,Netflix
4827,4828,Seeking a Friend for the End of the World,2012,18+,6.7,73,0,0,1,0,0,Lorene Scafaria,"Adventure,Comedy,Drama,Romance,Sci-Fi",United States,English,101,Prime Video
8761,8762,Meet the Robinsons,2007,all,6.8,73,0,0,0,1,0,Stephen J. Anderson,"Animation,Adventure,Comedy,Family,Sci-Fi",United States,English,95,Disney+
3827,3828,Sorry to Bother You,2018,18+,6.9,73,0,1,0,0,0,Boots Riley,"Comedy,Fantasy,Sci-Fi",United States,English,112,Hulu
4835,4836,Troll Hunter,2010,13+,7,73,0,0,1,0,0,André Øvredal,"Drama,Fantasy,Horror,Sci-Fi,Thriller",Norway,"Norwegian,English",103,Prime Video
3837,3838,Robot & Frank,2012,13+,7.1,73,0,1,1,0,0,Jake Schreier,"Comedy,Crime,Drama,Sci-Fi",United States,English,89,"Hulu, Prime Video"
3828,3829,Star Trek VI: The Undiscovered Country,1991,7+,7.2,73,0,1,0,0,0,Nicholas Meyer,"Action,Adventure,Sci-Fi,Thriller",United States,"English,Klingon",110,Hulu
4831,4832,Invasion of the Body Snatchers,1956,,7.7,73,0,0,1,0,0,Philip Kaufman,"Horror,Sci-Fi",United States,"English,French",115,Prime Video
4846,4847,Empire of Dreams: The Story of the Star Wars Trilogy,2004,,8.3,73,0,0,1,1,0,"Edith Becker,Kevin Burns","Documentary,History,Sci-Fi",United States,English,151,"Prime Video, Disney+"
342,343,Extinction,2018,18+,5.8,74,1,0,0,0,0,Ben Young,"Action,Drama,Sci-Fi,Thriller",United States,English,95,Netflix
8754,8755,Cars 2,2011,all,6.1,74,0,0,0,1,0,"John Lasseter,Bradford Lewis","Animation,Adventure,Comedy,Family,Sci-Fi,Sport",United States,"English,Japanese,Italian,French",106,Disney+
3814,3815,Knowing,2009,13+,6.2,74,0,1,0,0,0,Alex Proyas,"Action,Drama,Sci-Fi,Thriller","United States,United Kingdom,Australia",English,121,Hulu
3820,3821,Resident Evil: Apocalypse,2004,18+,6.2,74,0,1,1,0,0,Alexander Witt,"Action,Horror,Sci-Fi,Thriller","Germany,France,United Kingdom,Canada,United States,Japan",English,94,"Hulu, Prime Video"
4816,4817,Alien Resurrection,1997,18+,6.2,74,0,0,1,0,0,Jean-Pierre Jeunet,"Action,Horror,Sci-Fi",United States,"Spanish,English",109,Prime Video
8746,8747,Stargirl,2020,7+,6.2,74,0,0,0,1,0,,"Action,Adventure,Crime,Drama,Fantasy,Sci-Fi",United States,English,566,Disney+
318,319,Underworld: Awakening,2012,18+,6.3,74,1,1,0,0,0,"Måns Mårlind,Björn Stein","Action,Fantasy,Horror,Sci-Fi","United States,Canada","English,Russian",88,"Netflix, Hulu"
344,345,ARQ,2016,18+,6.4,74,1,0,0,0,0,Tony Elliott,"Action,Sci-Fi,Thriller","Canada,United States",English,88,Netflix
3819,3820,Predators,2010,18+,6.4,74,0,1,0,0,0,Nimród Antal,"Action,Adventure,Sci-Fi,Thriller",United States,"English,Spanish,Russian",107,Hulu
326,327,Home,2015,7+,6.6,74,1,0,1,0,0,Tim Johnson,"Animation,Adventure,Comedy,Family,Fantasy,Sci-Fi",United States,"English,French",94,"Netflix, Prime Video"
8758,8759,Tron,1982,7+,6.8,74,0,0,0,1,0,Joseph Kosinski,"Action,Adventure,Sci-Fi",United States,English,125,Disney+
8748,8749,Atlantis: The Lost Empire,2001,7+,6.9,74,0,0,0,1,0,"Gary Trousdale,Kirk Wise","Animation,Action,Adventure,Family,Fantasy,Sci-Fi",United States,"English,French,Spanish",95,Disney+
4813,4814,Timecrimes,2007,18+,7.2,74,0,0,1,0,0,Nacho Vigalondo,"Horror,Mystery,Sci-Fi,Thriller",Spain,Spanish,92,Prime Video
3807,3808,Star Trek IV: The Voyage Home,1986,7+,7.3,74,0,1,0,0,0,Leonard Nimoy,"Action,Adventure,Comedy,Sci-Fi",United States,"English,Finnish",119,Hulu
4809,4810,Open Your Eyes,1997,18+,7.7,74,0,0,1,0,0,Alejandro Amenábar,"Drama,Mystery,Sci-Fi,Thriller","Spain,France,Italy",Spanish,119,Prime Video
305,306,Army of the Dead,2021,18+,5.8,75,1,0,0,0,0,Zack Snyder,"Action,Crime,Horror,Sci-Fi,Thriller",United States,"English,Spanish,German,French",148,Netflix
317,318,2012,2009,13+,5.8,75,1,1,0,0,0,Roland Emmerich,"Action,Adventure,Sci-Fi",United States,"English,French,Tibetan,Mandarin,Russian,Hindi,Portuguese,Latin,Italian,Spanish",158,"Netflix, Hulu"
8734,8735,John Carter,2012,13+,6.6,75,0,0,0,1,0,Andrew Stanton,"Action,Adventure,Sci-Fi",United States,English,132,Disney+
3797,3798,Boss Level,2021,18+,6.9,75,0,1,0,0,0,Joe Carnahan,"Action,Mystery,Sci-Fi,Thriller",United States,English,94,Hulu
294,295,Black Mirror: Bandersnatch,2018,18+,7.1,75,1,0,0,0,0,David Slade,"Drama,Fantasy,Mystery,Sci-Fi,Thriller","United Kingdom,United States",English,90,Netflix
314,315,Defiance,2008,18+,7.2,75,1,0,0,0,0,,"Action,Drama,Sci-Fi",United States,"English,Hebrew",43,Netflix
8731,8732,Treasure Planet,2002,7+,7.2,75,0,0,0,1,0,"Ron Clements,John Musker","Animation,Adventure,Family,Sci-Fi",United States,English,95,Disney+
264,265,The Wandering Earth,2019,13+,6,76,1,0,0,0,0,Frant Gwo,"Action,Adventure,Sci-Fi,Thriller",China,"Mandarin,English,Russian,French,Japanese,Korean,Indonesian,Hindi,German",125,Netflix
3785,3786,Terminator: Dark Fate,2019,18+,6.2,76,0,1,0,0,0,Tim Miller,"Action,Adventure,Sci-Fi","United States,Spain,Hungary","English,Spanish",128,Hulu
4789,4790,"Tomorrow, When the War Began",2010,18+,6.2,76,0,0,1,0,0,Stuart Beattie,"Action,Adventure,Drama,Romance,Sci-Fi,Thriller,War",Australia,English,104,Prime Video
244,245,Mad Max,1979,18+,6.9,76,1,0,0,0,0,George Miller,"Action,Adventure,Sci-Fi,Thriller",Australia,English,88,Netflix
274,275,The Time Traveler's Wife,2009,13+,7.1,76,1,0,0,0,0,Robert Schwentke,"Comedy,Drama,Fantasy,Romance,Sci-Fi",United States,"English,German",107,Netflix
3775,3776,The Host,2006,18+,7.1,76,0,1,0,0,0,Bong Joon Ho,"Action,Drama,Horror,Sci-Fi",South Korea,"Korean,English",120,Hulu
4777,4778,WarGames,1983,7+,7.1,76,0,0,1,0,0,John Badham,"Action,Adventure,Drama,Sci-Fi,Thriller",United States,English,114,Prime Video
3777,3778,Melancholia,2011,18+,7.2,76,0,1,0,0,0,Lars von Trier,"Drama,Sci-Fi","Denmark,Sweden,France,Germany",English,135,Hulu
241,242,In the Shadow of the Moon,2019,18+,6.2,77,1,0,0,0,0,Jim Mickle,"Crime,Mystery,Sci-Fi,Thriller","United States,Canada",English,115,Netflix
4773,4774,Resident Evil,2002,18+,6.7,77,0,0,1,0,0,Johannes Roberts,"Action,Horror,Mystery,Sci-Fi","Germany,United States,Canada",English,,Prime Video
3762,3763,Take Shelter,2011,18+,7.4,77,0,1,1,0,0,Jeff Nichols,"Drama,Sci-Fi,Thriller",United States,English,121,"Hulu, Prime Video"
3770,3771,Star Trek: First Contact,1996,13+,7.6,77,0,1,0,0,0,Jonathan Frakes,"Action,Adventure,Drama,Sci-Fi,Thriller",United States,English,111,Hulu
3768,3769,Star Trek II: The Wrath of Khan,1982,7+,7.7,77,0,1,0,0,0,Nicholas Meyer,"Action,Adventure,Sci-Fi",United States,English,113,Hulu
232,233,PK,2015,13+,8.1,77,1,0,0,0,0,Rajkumar Hirani,"Comedy,Drama,Musical,Sci-Fi",India,Hindi,153,Netflix
242,243,Neon Genesis Evangelion: The End of Evangelion,1997,18+,8.1,77,1,0,0,0,0,"Hideaki Anno,Kazuya Tsurumaki","Animation,Action,Drama,Fantasy,Sci-Fi",Japan,Japanese,87,Netflix
8699,8700,Star Wars: The Rise of Skywalker,2019,13+,6.5,78,0,0,0,1,0,J.J. Abrams,"Action,Adventure,Fantasy,Sci-Fi",United States,English,141,Disney+
8700,8701,Star Wars: Episode II - Attack of the Clones,2002,7+,6.5,78,0,0,0,1,0,George Lucas,"Action,Adventure,Fantasy,Sci-Fi",United States,English,142,Disney+
8706,8707,X-Men Origins: Wolverine,2009,13+,6.6,78,0,0,0,1,0,Gavin Hood,"Action,Sci-Fi","United States,United Kingdom",English,107,Disney+
3759,3760,Ghostbusters,2016,13+,6.7,78,0,1,0,0,0,Ivan Reitman,"Action,Comedy,Fantasy,Sci-Fi",United States,English,105,Hulu
8704,8705,X-Men: The Last Stand,2006,13+,6.7,78,0,0,0,1,0,Brett Ratner,"Action,Adventure,Sci-Fi","United States,United Kingdom,Canada",English,104,Disney+
4763,4764,Hellboy,2004,13+,6.8,78,0,0,1,0,0,Neil Marshall,"Action,Adventure,Fantasy,Horror,Sci-Fi","United States,United Kingdom,Bulgaria,Canada,Portugal,France","English,Spanish,Russian,German",120,Prime Video
203,204,Real Steel,2011,13+,7,78,1,0,0,0,0,Shawn Levy,"Action,Drama,Sci-Fi,Sport","United States,India","English,Ukrainian",127,Netflix
3756,3757,28 Weeks Later,2007,18+,7,78,0,1,0,0,0,Juan Carlos Fresnadillo,"Horror,Sci-Fi","United Kingdom,Spain",English,100,Hulu
205,206,Stargate,1994,13+,7.1,78,1,0,0,0,0,,"Action,Adventure,Drama,Sci-Fi","United States,Canada",English,44,Netflix
3755,3756,Dredd,2012,18+,7.1,78,0,1,0,0,0,Pete Travis,"Action,Crime,Sci-Fi","United Kingdom,South Africa",English,95,Hulu
3754,3755,Galaxy Quest,1999,7+,7.3,78,0,1,0,0,0,Dean Parisot,"Adventure,Comedy,Sci-Fi",United States,English,102,Hulu
3751,3752,Space Jam,1996,7+,6.5,79,0,1,0,0,0,Joe Pytka,"Animation,Adventure,Comedy,Family,Sci-Fi,Sport",United States,English,88,Hulu
8693,8694,Star Wars: Episode I - The Phantom Menace,1999,7+,6.5,79,0,0,0,1,0,George Lucas,"Action,Adventure,Fantasy,Sci-Fi",United States,"English,Sanskrit",136,Disney+
8691,8692,Solo: A Star Wars Story,2018,13+,6.9,79,0,0,0,1,0,Ron Howard,"Action,Adventure,Sci-Fi",United States,English,135,Disney+
8695,8696,Ralph Breaks the Internet,2018,7+,7,79,0,0,0,1,0,"Phil Johnston,Rich Moore","Animation,Adventure,Comedy,Family,Fantasy,Sci-Fi",United States,English,112,Disney+
3748,3749,Coherence,2013,7+,7.2,79,0,1,1,0,0,James Ward Byrkit,"Drama,Horror,Mystery,Sci-Fi,Thriller","United States,United Kingdom",English,89,"Hulu, Prime Video"
3752,3753,Sunshine,2007,18+,7.2,79,0,1,0,0,0,Danny Boyle,"Sci-Fi,Thriller","United Kingdom,United States",English,107,Hulu
4751,4752,A.I. Artificial Intelligence,2001,13+,7.2,79,0,0,1,0,0,Steven Spielberg,"Drama,Sci-Fi","United States,United Kingdom",English,146,Prime Video
8697,8698,Lilo & Stitch,2002,7+,7.3,79,0,0,0,1,0,"Dean DeBlois,Chris Sanders","Animation,Adventure,Comedy,Drama,Family,Fantasy,Sci-Fi",United States,"English,Hawaiian",85,Disney+
4757,4758,The Abyss,1989,13+,7.5,79,0,0,1,0,0,James Cameron,"Adventure,Drama,Mystery,Sci-Fi,Thriller",United States,English,140,Prime Video
160,161,Next Gen,2018,7+,6.6,80,1,0,0,0,0,"Kevin R. Adams,Joe Ksander,Ricardo Curtis","Animation,Action,Adventure,Comedy,Family,Sci-Fi","China,Canada,United States","English,Mandarin",106,Netflix
8683,8684,X-Men: Apocalypse,2016,13+,6.9,80,0,0,0,1,0,Bryan Singer,"Action,Adventure,Sci-Fi",United States,"English,Polish,German,Arabic,Egyptian (Ancient)",144,Disney+
3735,3736,Star Trek Beyond,2016,13+,7,80,0,1,0,0,0,Justin Lin,"Action,Adventure,Sci-Fi,Thriller","United States,China,United Arab Emirates,Canada",English,122,Hulu
3734,3735,RoboCop,1987,18+,7.6,80,0,1,0,0,0,Paul Verhoeven,"Action,Crime,Sci-Fi,Thriller",United States,English,102,Hulu
8688,8689,Isle of Dogs,2018,13+,7.9,80,0,0,0,1,0,Wes Anderson,"Animation,Adventure,Comedy,Drama,Fantasy,Sci-Fi","Germany,Japan,United States,United Kingdom","English,Japanese",101,Disney+
4737,4738,The Tomorrow War,2021,13+,6.6,81,0,0,1,0,0,Chris McKay,"Action,Adventure,Drama,Sci-Fi,Thriller",United States,English,138,Prime Video
8674,8675,Captain Marvel,2019,13+,6.8,81,0,0,0,1,0,"Anna Boden,Ryan Fleck","Action,Adventure,Sci-Fi","United States,Australia",English,123,Disney+
8677,8678,Ant-Man and the Wasp,2018,13+,7,81,0,0,0,1,0,Peyton Reed,"Action,Adventure,Comedy,Sci-Fi",United States,"English,Spanish",118,Disney+
139,140,Snowpiercer,2013,18+,7.1,81,1,0,0,0,0,,"Action,Drama,Sci-Fi,Thriller",United States,English,60,Netflix
137,138,Total Recall,1990,16+,7.5,81,1,0,0,0,0,Paul Verhoeven,"Action,Sci-Fi,Thriller","United States,Mexico",English,113,Netflix
3729,3730,Akira,1988,18+,8,81,0,1,0,0,0,Katsuhiro Ôtomo,"Animation,Action,Drama,Fantasy,Sci-Fi,Thriller",Japan,Japanese,124,Hulu
8664,8665,Captain America: The First Avenger,2011,13+,6.9,82,0,0,0,1,0,Joe Johnston,"Action,Adventure,Sci-Fi",United States,"English,Norwegian,French",124,Disney+
8667,8668,Iron Man 2,2010,13+,7,82,0,0,0,1,0,Jon Favreau,"Action,Adventure,Sci-Fi",United States,"English,French,Russian",124,Disney+
8671,8672,Star Wars: The Last Jedi,2017,13+,7,82,0,0,0,1,0,Rian Johnson,"Action,Adventure,Fantasy,Sci-Fi",United States,English,152,Disney+
4729,4730,"I, Robot",2004,13+,7.1,82,0,0,1,0,0,Alex Proyas,"Action,Drama,Sci-Fi,Thriller","United States,Germany",English,115,Prime Video
3720,3721,The Shape of Water,2017,18+,7.3,82,0,1,0,0,0,Guillermo del Toro,"Adventure,Drama,Fantasy,Romance,Sci-Fi,Thriller","United States,Canada,Mexico","English,American Sign Language,Russian,French",123,Hulu
4732,4733,Unbreakable,2000,13+,7.3,82,0,0,1,0,0,M. Night Shyamalan,"Drama,Mystery,Sci-Fi,Thriller",United States,English,106,Prime Video
8666,8667,X2,2003,13+,7.4,82,0,0,0,1,0,Bryan Singer,"Action,Sci-Fi,Thriller","United States,Canada","English,German,Italian,Spanish",134,Disney+
3721,3722,The Iron Giant,1999,7+,8,82,0,1,0,0,0,Brad Bird,"Animation,Action,Adventure,Comedy,Drama,Family,Sci-Fi",United States,English,86,Hulu
8660,8661,Iron Man 3,2013,13+,7.1,83,0,0,0,1,0,Shane Black,"Action,Adventure,Sci-Fi",United States,English,130,Disney+
8656,8657,Star Wars: Episode III - Revenge of the Sith,2005,13+,7.5,83,0,0,0,1,0,George Lucas,"Action,Adventure,Fantasy,Sci-Fi",United States,English,140,Disney+
3715,3716,28 Days Later,2002,18+,7.6,83,0,1,0,0,0,Danny Boyle,"Drama,Horror,Sci-Fi,Thriller",United Kingdom,"English,Spanish",113,Hulu
8658,8659,Incredibles 2,2018,7+,7.6,83,0,0,0,1,0,Brad Bird,"Animation,Action,Adventure,Comedy,Family,Sci-Fi",United States,English,118,Disney+
106,107,About Time,2013,13+,7.8,83,1,0,0,0,0,Richard Curtis,"Comedy,Drama,Fantasy,Romance,Sci-Fi","United Kingdom,United States",English,123,Netflix
3717,3718,Predator,1987,18+,7.8,83,0,1,0,0,0,Shane Black,"Action,Adventure,Sci-Fi","United States,Canada","English,Spanish",107,Hulu
4724,4725,E.T. the Extra-Terrestrial,1982,7+,7.8,83,0,0,1,0,0,Steven Spielberg,"Family,Sci-Fi",United States,English,115,Prime Video
92,93,Cargo,2017,,6.3,84,1,0,0,0,0,"Ben Howling,Yolanda Ramke","Drama,Horror,Sci-Fi,Thriller",Australia,"English,Aboriginal",105,Netflix
87,88,Over the Moon,2020,7+,6.4,84,1,0,0,0,0,"Glen Keane,John Kahrs","Animation,Adventure,Comedy,Family,Fantasy,Musical,Sci-Fi","China,United States","English,Chinese",95,Netflix
8646,8647,Black Panther,2018,13+,7.3,84,0,0,0,1,0,Ryan Coogler,"Action,Adventure,Sci-Fi","United States,South Africa","English,Swahili,Nama,Xhosa,Korean",134,Disney+
8647,8648,Avengers: Age of Ultron,2015,13+,7.3,84,0,0,0,1,0,Joss Whedon,"Action,Adventure,Sci-Fi",United States,"English,Korean",141,Disney+
8652,8653,Ant-Man,2015,13+,7.3,84,0,0,0,1,0,Peyton Reed,"Action,Adventure,Comedy,Sci-Fi",United States,English,117,Disney+
73,74,Zombieland,2009,18+,7.6,84,1,0,0,0,0,Ruben Fleischer,"Adventure,Comedy,Fantasy,Horror,Sci-Fi",United States,"English,Spanish,French",88,Netflix
8649,8650,Big Hero 6,2014,7+,7.8,84,0,0,0,1,0,"Don Hall,Chris Williams","Animation,Action,Adventure,Family,Sci-Fi","United States,Japan",English,102,Disney+
8644,8645,Doctor Strange,2016,13+,7.5,85,0,0,0,1,0,Scott Derrickson,"Action,Adventure,Fantasy,Sci-Fi",United States,English,115,Disney+
8641,8642,Guardians of the Galaxy Vol. 2,2017,13+,7.6,85,0,0,0,1,0,James Gunn,"Action,Adventure,Comedy,Sci-Fi",United States,English,136,Disney+
8640,8641,Rogue One: A Star Wars Story,2016,13+,7.8,85,0,0,0,1,0,Gareth Edwards,"Action,Adventure,Sci-Fi",United States,English,133,Disney+
8645,8646,X-Men: Days of Future Past,2014,13+,7.9,85,0,0,0,1,0,Bryan Singer,"Action,Adventure,Sci-Fi,Thriller","United States,United Kingdom","English,Vietnamese,French",132,Disney+
54,55,Bird Box,2018,18+,6.6,86,1,0,0,0,0,Susanne Bier,"Horror,Sci-Fi",United States,English,124,Netflix
58,59,A Shaun the Sheep Movie: Farmageddon,2019,all,6.8,86,1,0,0,0,0,"Will Becher,Richard Phelan","Animation,Adventure,Comedy,Family,Fantasy,Sci-Fi","United Kingdom,France,Belgium,Ireland,United States",English,86,Netflix
60,61,What Happened to Monday,2017,18+,6.9,86,1,0,0,0,0,Tommy Wirkola,"Action,Crime,Fantasy,Mystery,Sci-Fi,Thriller","United Kingdom,France,United States,Belgium",English,123,Netflix
63,64,Invader ZIM: Enter the Florpus,2019,7+,7.5,86,1,0,0,0,0,"Hae Young Jung,Young Kyun Park,Jhonen Vasquez","Animation,Action,Adventure,Comedy,Family,Sci-Fi","South Korea,United States","English,Korean",71,Netflix
8639,8640,Captain America: The Winter Soldier,2014,13+,7.7,86,0,0,0,1,0,"Anthony Russo,Joe Russo","Action,Adventure,Sci-Fi,Thriller",United States,"English,French",136,Disney+
8636,8637,Captain America: Civil War,2016,13+,7.8,86,0,0,0,1,0,"Anthony Russo,Joe Russo","Action,Adventure,Sci-Fi",United States,"English,German,Xhosa,Russian,Romanian,Hindi",147,Disney+
8637,8638,Star Wars: The Force Awakens,2015,13+,7.8,86,0,0,0,1,0,J.J. Abrams,"Action,Adventure,Sci-Fi",United States,English,138,Disney+
3702,3703,Arrival,2016,13+,7.9,86,0,1,0,0,0,Denis Villeneuve,"Drama,Sci-Fi","United States,Canada","English,Russian,Mandarin",116,Hulu
8634,8635,Thor: Ragnarok,2017,13+,7.9,86,0,0,0,1,0,Taika Waititi,"Action,Adventure,Comedy,Fantasy,Sci-Fi","United States,Australia",English,130,Disney+
59,60,A Clockwork Orange,1971,18+,8.3,86,1,0,0,0,0,Stanley Kubrick,"Crime,Drama,Sci-Fi","United Kingdom,United States",English,136,Netflix
3701,3702,The Terminator,1984,18+,8,87,0,1,0,0,0,James Cameron,"Action,Sci-Fi","United Kingdom,United States","English,Spanish",107,Hulu
8628,8629,Star Wars: Return of the Jedi,1983,7+,8.3,87,0,0,0,1,0,Richard Marquand,"Action,Adventure,Fantasy,Sci-Fi","United States,United Kingdom",English,131,Disney+
8624,8625,The Avengers,2012,13+,8,88,0,0,0,1,0,Joss Whedon,"Action,Adventure,Sci-Fi",United States,"English,Russian,Hindi",143,Disney+
4709,4710,Alien,1979,18+,8.4,88,0,0,1,0,0,Ridley Scott,"Horror,Sci-Fi","United Kingdom,United States",English,117,Prime Video
8623,8624,WALL·E,2008,all,8.4,88,0,0,0,1,0,Andrew Stanton,"Animation,Adventure,Family,Romance,Sci-Fi",United States,"English,Hindi",98,Disney+
22,23,I Am Mother,2019,13+,6.7,89,1,0,0,0,0,Grant Sputore,"Drama,Mystery,Sci-Fi,Thriller",Australia,English,113,Netflix
8621,8622,Guardians of the Galaxy,2014,13+,8,89,0,0,0,1,0,James Gunn,"Action,Adventure,Comedy,Sci-Fi",United States,English,121,Disney+
26,27,Terminator 2: Judgment Day,1991,18+,8.5,89,1,0,0,0,0,James Cameron,"Action,Sci-Fi",United States,"English,Spanish",137,Netflix
8618,8619,Star Wars: A New Hope,1977,7+,8.6,89,0,0,0,1,0,George Lucas,"Action,Adventure,Fantasy,Sci-Fi","United States,United Kingdom",English,121,Disney+
8619,8620,Star Wars: The Empire Strikes Back,1980,7+,8.7,89,0,0,0,1,0,Irvin Kershner,"Action,Adventure,Fantasy,Sci-Fi","United States,United Kingdom",English,124,Disney+
8616,8617,Avengers: Endgame,2019,13+,8.4,90,0,0,0,1,0,"Anthony Russo,Joe Russo","Action,Adventure,Drama,Sci-Fi",United States,"English,Japanese,Xhosa,German",181,Disney+
8617,8618,Avengers: Infinity War,2018,13+,8.4,90,0,0,0,1,0,"Anthony Russo,Joe Russo","Action,Adventure,Sci-Fi",United States,English,149,Disney+
7,8,Okja,2017,13+,7.3,92,1,0,0,0,0,Bong Joon Ho,"Action,Adventure,Drama,Sci-Fi","South Korea,United States","English,Korean,Spanish",120,Netflix
